{"kind": "Listing", "data": {"modhash": "", "children": [{"kind": "t3", "data": {"domain": "i.imgur.com", "banned_by": null, "media_embed": {}, "subreddit": "funny", "selftext_html": null, "selftext": "", "likes": null, "user_reports": [], "secure_media": null, "link_flair_text": null, "id": "2wtsvs", "gilded": 1, "archived": false, "clicked": false, "report_reasons": null, "author": "end0fline", "num_comments": 443, "score": 6046, "approved_by": null, "over_18": false, "hidden": false, "thumbnail": "http://b.thumbs.redditmedia.com/4RI2mdBWJX9B0Co2DMbuqKySj3BTNariW1YXsWBeJrQ.jpg", "subreddit_id": "t5_2qh33", "edited": false, "link_flair_css_class": null, "author_flair_css_class": null, "downs": 0, "secure_media_embed": {}, "saved": false, "stickied": false, "is_self": false, "permalink": "/r/funny/comments/2wtsvs/my_ice_maker_works_so_i_got_that_goin_for_me/", "name": "t3_2wtsvs", "created": 1424687204.0, "url": "http://i.imgur.com/dp7A58Y.jpg", "author_flair_text": null, "title": "My ice maker works. So I got that goin for me which is ice", "created_utc": 1424658404.0, "distinguished": null, "media": null, "mod_reports": [], "visited": false, "num_reports": null, "ups": 6046}}, {"kind": "t3", "data": {"domain": "i.imgur.com", "banned_by": null, "media_embed": {}, "subreddit": "gaming", "selftext_html": null, "selftext": "", "likes": null, "user_reports": [], "secure_media": null, "link_flair_text": null, "id": "2wtgob", "gilded": 0, "archived": false, "clicked": false, "report_reasons": null, "author": "Andyfritter", "num_comments": 262, "score": 4210, "approved_by": null, "over_18": true, "hidden": false, "thumbnail": "nsfw", "subreddit_id": "t5_2qh03", "edited": false, "link_flair_css_class": null, "author_flair_css_class": null, "downs": 0, "secure_media_embed": {}, "saved": false, "stickied": false, "is_self": false, "permalink": "/r/gaming/comments/2wtgob/\u0296/", "name": "t3_2wtgob", "created": 1424680884.0, "url": "http://i.imgur.com/DjubSFZ.jpg", "author_flair_text": null, "title": "( \u0361\u00b0 \u035c\u0296 \u0361\u00b0)", "created_utc": 1424652084.0, "distinguished": null, "media": null, "mod_reports": [], "visited": false, "num_reports": null, "ups": 4210}}, {"kind": "t3", "data": {"domain": "news.bbc.co.uk", "banned_by": null, "media_embed": {}, "subreddit": "todayilearned", "selftext_html": null, "selftext": "", "likes": null, "user_reports": [], "secure_media": null, "link_flair_text": null, "id": "2wtbhn", "gilded": 0, "archived": false, "clicked": false, "report_reasons": null, "author": "Nichols101", "num_comments": 693, "score": 4270, "approved_by": null, "over_18": false, "hidden": false, "thumbnail": "http://b.thumbs.redditmedia.com/2ISvOoc_312foBtakZZBCqQpWrXNk_V21KRcyET_ysc.jpg", "subreddit_id": "t5_2qqjc", "edited": false, "link_flair_css_class": null, "author_flair_css_class": null, "downs": 0, "secure_media_embed": {}, "saved": false, "stickied": false, "is_self": false, "permalink": "/r/todayilearned/comments/2wtbhn/til_tom_green_won_5_raspberry_awards_for_freddy/", "name": "t3_2wtbhn", "created": 1424678347.0, "url": "http://news.bbc.co.uk/2/hi/in_depth/entertainment/2002/oscars_2002/1889555.stm", "author_flair_text": null, "title": "TIL Tom Green won 5 Raspberry Awards for \"Freddy Got Fingered\" in 2002. He showed up in a white Cadillac, rolled out his own red carpet, and had to be dragged off stage because he wouldn't stop play a harmonica.", "created_utc": 1424649547.0, "distinguished": null, "media": null, "mod_reports": [], "visited": false, "num_reports": null, "ups": 4270}}, {"kind": "t3", "data": {"domain": "i.imgur.com", "banned_by": null, "media_embed": {"content": "&lt;iframe class=\"embedly-embed\" src=\"//cdn.embedly.com/widgets/media.html?src=https%3A%2F%2Fi.imgur.com%2FIEKJx9K.mp4&amp;src_secure=1&amp;url=http%3A%2F%2Fi.imgur.com%2FIEKJx9K.gifv&amp;image=http%3A%2F%2Fi.imgur.com%2FIEKJx9K.gif&amp;key=2aa3c4d5f3de4f5b9120b660ad850dc9&amp;type=video%2Fmp4&amp;schema=imgur\" width=\"480\" height=\"480\" scrolling=\"no\" frameborder=\"0\" allowfullscreen&gt;&lt;/iframe&gt;", "width": 480, "scrolling": false, "height": 480}, "subreddit": "gifs", "selftext_html": null, "selftext": "", "likes": null, "user_reports": [], "secure_media": null, "link_flair_text": null, "id": "2wtac3", "gilded": 0, "archived": false, "clicked": false, "report_reasons": null, "author": "GOAT_Anus_Licker", "num_comments": 497, "score": 4069, "approved_by": null, "over_18": false, "hidden": false, "thumbnail": "http://b.thumbs.redditmedia.com/JsMBbQJe55x9X9VT_-89vGejU9usuXg24zsuucRLIjA.jpg", "subreddit_id": "t5_2qt55", "edited": false, "link_flair_css_class": null, "author_flair_css_class": null, "downs": 0, "secure_media_embed": {}, "saved": false, "stickied": false, "is_self": false, "permalink": "/r/gifs/comments/2wtac3/this_kid_gives_zero_fucks/", "name": "t3_2wtac3", "created": 1424677724.0, "url": "http://i.imgur.com/IEKJx9K.gifv", "author_flair_text": null, "title": "This kid gives zero fucks.", "created_utc": 1424648924.0, "distinguished": null, "media": {"oembed": {"provider_url": "http://i.imgur.com", "description": "The Internet's visual storytelling community. Explore, share, and discuss the best visual stories the Internet has to offer.", "title": "Imgur GIF", "type": "video", "thumbnail_width": 480, "height": 480, "width": 480, "html": "&lt;iframe class=\"embedly-embed\" src=\"//cdn.embedly.com/widgets/media.html?src=https%3A%2F%2Fi.imgur.com%2FIEKJx9K.mp4&amp;src_secure=1&amp;url=http%3A%2F%2Fi.imgur.com%2FIEKJx9K.gifv&amp;image=http%3A%2F%2Fi.imgur.com%2FIEKJx9K.gif&amp;key=2aa3c4d5f3de4f5b9120b660ad850dc9&amp;type=video%2Fmp4&amp;schema=imgur\" width=\"480\" height=\"480\" scrolling=\"no\" frameborder=\"0\" allowfullscreen&gt;&lt;/iframe&gt;", "version": "1.0", "provider_name": "Imgur", "thumbnail_url": "http://i.imgur.com/IEKJx9K.gif", "thumbnail_height": 480}, "type": "i.imgur.com"}, "mod_reports": [], "visited": false, "num_reports": null, "ups": 4069}}, {"kind": "t3", "data": {"domain": "theguardian.com", "banned_by": null, "media_embed": {}, "subreddit": "worldnews", "selftext_html": null, "selftext": "", "likes": null, "user_reports": [], "secure_media": null, "link_flair_text": null, "id": "2wsuiu", "gilded": 0, "archived": false, "clicked": false, "report_reasons": null, "author": "madam1", "num_comments": 1114, "score": 5304, "approved_by": null, "over_18": false, "hidden": false, "thumbnail": "", "subreddit_id": "t5_2qh13", "edited": false, "link_flair_css_class": null, "author_flair_css_class": null, "downs": 0, "secure_media_embed": {}, "saved": false, "stickied": false, "is_self": false, "permalink": "/r/worldnews/comments/2wsuiu/the_family_of_the_codebreaker_alan_turing_will/", "name": "t3_2wsuiu", "created": 1424670383.0, "url": "http://www.theguardian.com/science/2015/feb/22/family-alan-turing-government-petition-pardons-gross-indecency-homosexuality", "author_flair_text": null, "title": "The family of the codebreaker Alan Turing will visit Downing Street on Monday to demand the government pardons 49,000 other men persecuted like him for their homosexuality.", "created_utc": 1424641583.0, "distinguished": null, "media": null, "mod_reports": [], "visited": false, "num_reports": null, "ups": 5304}}, {"kind": "t3", "data": {"domain": "i.imgur.com", "banned_by": null, "media_embed": {}, "subreddit": "pics", "selftext_html": null, "selftext": "", "likes": null, "user_reports": [], "secure_media": null, "link_flair_text": null, "id": "2wswbv", "gilded": 0, "archived": false, "clicked": false, "report_reasons": null, "author": "oshoney", "num_comments": 980, "score": 4833, "approved_by": null, "over_18": false, "hidden": false, "thumbnail": "http://b.thumbs.redditmedia.com/5GYP-AJT6gs-xbhD2Ieqxw0A6jtfmvd_fLsPh7CTFJw.jpg", "subreddit_id": "t5_2qh0u", "edited": false, "link_flair_css_class": null, "author_flair_css_class": null, "downs": 0, "secure_media_embed": {}, "saved": false, "stickied": false, "is_self": false, "permalink": "/r/pics/comments/2wswbv/found_300_in_a_parking_lot_last_night_got_really/", "name": "t3_2wswbv", "created": 1424671208.0, "url": "http://i.imgur.com/KMLeXgi.jpg", "author_flair_text": null, "title": "Found $300 in a parking lot last night. Got really excited until I looked closer...", "created_utc": 1424642408.0, "distinguished": null, "media": null, "mod_reports": [], "visited": false, "num_reports": null, "ups": 4833}}, {"kind": "t3", "data": {"domain": "vine.co", "banned_by": null, "media_embed": {"content": "&lt;iframe class=\"embedly-embed\" src=\"//cdn.embedly.com/widgets/media.html?src=https%3A%2F%2Fmtc.cdn.vine.co%2Fr%2Fvideos%2F279B1205C21161473241827737600_316097c1fc6.1.4.16508645061230299229.mp4%3FversionId%3DVGUFnMrDUOqTll9v7i8FsmSmmoQmSPqT&amp;src_secure=1&amp;url=https%3A%2F%2Fvine.co%2Fv%2FOwhr3ZliBvV&amp;image=https%3A%2F%2Fv.cdn.vine.co%2Fr%2Fvideos%2F279B1205C21161473241827737600_316097c1fc6.1.4.16508645061230299229.mp4.jpg%3FversionId%3DC6VWziLZce.j2sQiCz7DiWVaiP4pmoKU&amp;key=2aa3c4d5f3de4f5b9120b660ad850dc9&amp;type=video%2Fmp4&amp;schema=vine\" width=\"600\" height=\"600\" scrolling=\"no\" frameborder=\"0\" allowfullscreen&gt;&lt;/iframe&gt;", "width": 600, "scrolling": false, "height": 600}, "subreddit": "videos", "selftext_html": null, "selftext": "", "likes": null, "user_reports": [], "secure_media": null, "link_flair_text": null, "id": "2wt3gg", "gilded": 0, "archived": false, "clicked": false, "report_reasons": null, "author": "blackshad-o", "num_comments": 602, "score": 3927, "approved_by": null, "over_18": false, "hidden": false, "thumbnail": "http://b.thumbs.redditmedia.com/BnUAAkoGLcPDHhQgtblRxph0RyF7C5o7Lrba6FxgmVI.jpg", "subreddit_id": "t5_2qh1e", "edited": false, "link_flair_css_class": null, "author_flair_css_class": null, "downs": 0, "secure_media_embed": {}, "saved": false, "stickied": false, "is_self": false, "permalink": "/r/videos/comments/2wt3gg/whenever_i_talk_to_a_girl/", "name": "t3_2wt3gg", "created": 1424674430.0, "url": "https://vine.co/v/Owhr3ZliBvV", "author_flair_text": null, "title": "Whenever I talk to a girl.", "created_utc": 1424645630.0, "distinguished": null, "media": {"type": "vine.co", "oembed": {"provider_url": "http://vine.co/", "description": "Watch Lilianna's Vine taken on 29 December 2014. It has 130781 likes. Vine is the best way to see and share life in motion. Create short, beautiful, looping videos in a simple and fun way for your friends and family to see.", "title": "Vine by Lilianna", "thumbnail_width": 480, "height": 600, "width": 600, "html": "&lt;iframe class=\"embedly-embed\" src=\"//cdn.embedly.com/widgets/media.html?src=https%3A%2F%2Fmtc.cdn.vine.co%2Fr%2Fvideos%2F279B1205C21161473241827737600_316097c1fc6.1.4.16508645061230299229.mp4%3FversionId%3DVGUFnMrDUOqTll9v7i8FsmSmmoQmSPqT&amp;src_secure=1&amp;url=https%3A%2F%2Fvine.co%2Fv%2FOwhr3ZliBvV&amp;image=https%3A%2F%2Fv.cdn.vine.co%2Fr%2Fvideos%2F279B1205C21161473241827737600_316097c1fc6.1.4.16508645061230299229.mp4.jpg%3FversionId%3DC6VWziLZce.j2sQiCz7DiWVaiP4pmoKU&amp;key=2aa3c4d5f3de4f5b9120b660ad850dc9&amp;type=video%2Fmp4&amp;schema=vine\" width=\"600\" height=\"600\" scrolling=\"no\" frameborder=\"0\" allowfullscreen&gt;&lt;/iframe&gt;", "author_name": "Lilianna", "version": "1.0", "provider_name": "Vine", "thumbnail_url": "https://v.cdn.vine.co/r/videos/279B1205C21161473241827737600_316097c1fc6.1.4.16508645061230299229.mp4.jpg?versionId=C6VWziLZce.j2sQiCz7DiWVaiP4pmoKU", "type": "video", "thumbnail_height": 480, "author_url": "https://vine.co/u/1128173769379192832"}}, "mod_reports": [], "visited": false, "num_reports": null, "ups": 3927}}, {"kind": "t3", "data": {"domain": "i.imgur.com", "banned_by": null, "media_embed": {}, "subreddit": "aww", "selftext_html": null, "selftext": "", "likes": null, "user_reports": [], "secure_media": null, "link_flair_text": null, "id": "2wsyvi", "gilded": 0, "archived": false, "clicked": false, "report_reasons": null, "author": "obtunded_bbtc", "num_comments": 229, "score": 4141, "approved_by": null, "over_18": false, "hidden": false, "thumbnail": "http://a.thumbs.redditmedia.com/JHFMcksQedeLVTulbrn3Ekt_eDypSjucrnzxDYuR9K8.jpg", "subreddit_id": "t5_2qh1o", "edited": false, "link_flair_css_class": null, "author_flair_css_class": null, "downs": 0, "secure_media_embed": {}, "saved": false, "stickied": false, "is_self": false, "permalink": "/r/aww/comments/2wsyvi/incredibly_unconventional_aww/", "name": "t3_2wsyvi", "created": 1424672333.0, "url": "http://i.imgur.com/8hnEj2c.jpg", "author_flair_text": null, "title": "Incredibly unconventional aww...", "created_utc": 1424643533.0, "distinguished": null, "media": null, "mod_reports": [], "visited": false, "num_reports": null, "ups": 4141}}, {"kind": "t3", "data": {"domain": "self.AskReddit", "banned_by": null, "media_embed": {}, "subreddit": "AskReddit", "selftext_html": "&lt;!-- SC_OFF --&gt;&lt;div class=\"md\"&gt;&lt;p&gt;Front Page, Thanks Guys !!!!!!!&lt;/p&gt;\n\n&lt;p&gt;First Ever Gold, Whoever did this You are the Real MVP !!!!!!!!!&lt;/p&gt;\n&lt;/div&gt;&lt;!-- SC_ON --&gt;", "selftext": "Front Page, Thanks Guys !!!!!!!\n\nFirst Ever Gold, Whoever did this You are the Real MVP !!!!!!!!!", "likes": null, "user_reports": [], "secure_media": null, "link_flair_text": null, "id": "2wtds6", "gilded": 1, "archived": false, "clicked": false, "report_reasons": null, "author": "DWood10", "num_comments": 1994, "score": 2658, "approved_by": null, "over_18": false, "hidden": false, "thumbnail": "", "subreddit_id": "t5_2qh1i", "edited": 1424669152.0, "link_flair_css_class": null, "author_flair_css_class": null, "downs": 0, "secure_media_embed": {}, "saved": false, "stickied": false, "is_self": true, "permalink": "/r/AskReddit/comments/2wtds6/rick_from_pawn_stars_calls_you_in_to_be_an_expert/", "name": "t3_2wtds6", "created": 1424679452.0, "url": "http://www.reddit.com/r/AskReddit/comments/2wtds6/rick_from_pawn_stars_calls_you_in_to_be_an_expert/", "author_flair_text": null, "title": "Rick from Pawn Stars calls you in to be an expert. What is your expertise and the item you are examining ?", "created_utc": 1424650652.0, "distinguished": null, "media": null, "mod_reports": [], "visited": false, "num_reports": null, "ups": 2658}}, {"kind": "t3", "data": {"domain": "self.movies", "banned_by": null, "media_embed": {}, "subreddit": "movies", "selftext_html": "&lt;!-- SC_OFF --&gt;&lt;div class=\"md\"&gt;&lt;p&gt;Welcome to the &lt;a href=\"/r/movies\"&gt;/r/movies&lt;/a&gt; Official Oscar Thread. Some notes about tonight.&lt;/p&gt;\n\n&lt;ol&gt;\n&lt;li&gt;&lt;p&gt;All Oscar related content posted to &lt;a href=\"/r/movies\"&gt;/r/movies&lt;/a&gt; will be condensed to this thread.&lt;/p&gt;&lt;/li&gt;\n&lt;li&gt;&lt;p&gt;Sort the thread by new and refresh often so you can see the most recent comments and join the conversation!&lt;/p&gt;&lt;/li&gt;\n&lt;li&gt;&lt;p&gt;There will be a post Oscar discussion thread as well posted half an hour after the Oscars end.&lt;/p&gt;&lt;/li&gt;\n&lt;li&gt;&lt;p&gt;Are you looking for the Oscar Bingo game thread? Click &lt;a href=\"http://www.reddit.com/r/movies/comments/2wtllz/rmovies_oscar_bingo_thread/\"&gt;here&lt;/a&gt; and please upvote for visibility! It&amp;#39;s a self post so no karma is involved.&lt;/p&gt;&lt;/li&gt;\n&lt;/ol&gt;\n\n&lt;hr/&gt;\n\n&lt;p&gt;&lt;strong&gt;Major Nominees&lt;/strong&gt;&lt;/p&gt;\n\n&lt;p&gt;&lt;strong&gt;Best Picture&lt;/strong&gt;&lt;/p&gt;\n\n&lt;ul&gt;\n&lt;li&gt;&lt;a href=\"http://www.imdb.com/title/tt2179136/?ref_=nv_sr_1\"&gt;American Sniper&lt;/a&gt;&lt;/li&gt;\n&lt;li&gt;&lt;a href=\"http://www.imdb.com/title/tt2562232/?ref_=nv_sr_1\"&gt;Birdman or (The Unexpected Virtue of Ignorance)&lt;/a&gt;&lt;/li&gt;\n&lt;li&gt;&lt;a href=\"http://www.imdb.com/title/tt1065073/?ref_=nv_sr_2\"&gt;Boyhood&lt;/a&gt;&lt;/li&gt;\n&lt;li&gt;&lt;a href=\"http://www.imdb.com/title/tt2278388/?ref_=nv_sr_1\"&gt;The Grand Budapest Hotel&lt;/a&gt;&lt;/li&gt;\n&lt;li&gt;&lt;a href=\"http://www.imdb.com/title/tt2084970/?ref_=nv_sr_1\"&gt;The Imitation Game&lt;/a&gt;&lt;/li&gt;\n&lt;li&gt;&lt;a href=\"http://www.imdb.com/title/tt1020072/?ref_=nv_sr_1\"&gt;Selma&lt;/a&gt;&lt;/li&gt;\n&lt;li&gt;&lt;a href=\"http://www.imdb.com/title/tt2980516/?ref_=nv_sr_1\"&gt;The Theory of Everything&lt;/a&gt;&lt;/li&gt;\n&lt;li&gt;&lt;a href=\"http://www.imdb.com/title/tt2582802/?ref_=nv_sr_1\"&gt;Whiplash&lt;/a&gt;&lt;/li&gt;\n&lt;/ul&gt;\n\n&lt;p&gt;&lt;strong&gt;Best Actor in a Leading Role&lt;/strong&gt;&lt;/p&gt;\n\n&lt;ul&gt;\n&lt;li&gt;&lt;a href=\"http://www.imdb.com/name/nm0136797/?ref_=nv_sr_1\"&gt;Steve Carell&lt;/a&gt; (Foxcatcher)&lt;/li&gt;\n&lt;li&gt;&lt;a href=\"http://www.imdb.com/name/nm0177896/?ref_=nv_sr_1\"&gt;Bradley Cooper&lt;/a&gt; (American Sniper)&lt;/li&gt;\n&lt;li&gt;&lt;a href=\"http://www.imdb.com/name/nm1212722/?ref_=nv_sr_1\"&gt;Benedict Cumberbatch&lt;/a&gt; (The Imitation Game)&lt;/li&gt;\n&lt;li&gt;&lt;a href=\"http://www.imdb.com/name/nm0000474/?ref_=nv_sr_1\"&gt;Michael Keaton&lt;/a&gt; (Birdman)&lt;/li&gt;\n&lt;li&gt;&lt;a href=\"http://www.imdb.com/name/nm1519666/?ref_=nv_sr_1\"&gt;Eddie Redmayne&lt;/a&gt; (The Theory of Everything)&lt;/li&gt;\n&lt;/ul&gt;\n\n&lt;p&gt;&lt;strong&gt;Best Actress in a Leading Role&lt;/strong&gt;&lt;/p&gt;\n\n&lt;ul&gt;\n&lt;li&gt;&lt;a href=\"http://www.imdb.com/name/nm0182839/?ref_=nv_sr_1\"&gt;Marion Cotillard&lt;/a&gt; (Two Days, One Night)&lt;/li&gt;\n&lt;li&gt;&lt;a href=\"http://www.imdb.com/name/nm0428065/?ref_=nv_sr_1\"&gt;Felicity Jones&lt;/a&gt; (The Theory of Everything)&lt;/li&gt;\n&lt;li&gt;&lt;a href=\"http://www.imdb.com/name/nm0000194/?ref_=nv_sr_1\"&gt;Julianne Moore&lt;/a&gt; (Still Alice)&lt;/li&gt;\n&lt;li&gt;&lt;a href=\"http://www.imdb.com/name/nm0683253/?ref_=nv_sr_1\"&gt;Rosamund Pike&lt;/a&gt; (Gone Girl)&lt;/li&gt;\n&lt;li&gt;&lt;a href=\"http://www.imdb.com/name/nm0000702/?ref_=nv_sr_1\"&gt;Reese Witherspoon&lt;/a&gt; (Wild)&lt;/li&gt;\n&lt;/ul&gt;\n\n&lt;p&gt;&lt;strong&gt;Best Actor in a Supporting Role&lt;/strong&gt;&lt;/p&gt;\n\n&lt;ul&gt;\n&lt;li&gt;&lt;a href=\"http://www.imdb.com/name/nm0000380/?ref_=nv_sr_3\"&gt;Robert Duvalli&lt;/a&gt; (The Judge)&lt;/li&gt;\n&lt;li&gt;&lt;a href=\"http://www.imdb.com/name/nm0000160/?ref_=nv_sr_1\"&gt;Ethan Hawke&lt;/a&gt; (Boyhood)&lt;/li&gt;\n&lt;li&gt;&lt;a href=\"http://www.imdb.com/name/nm0001570/?ref_=nv_sr_1\"&gt;Edward Norton&lt;/a&gt; (Birdman)&lt;/li&gt;\n&lt;li&gt;&lt;a href=\"http://www.imdb.com/name/nm0749263/?ref_=nv_sr_1\"&gt;Mark Ruffalo&lt;/a&gt; (Foxcatcher)&lt;/li&gt;\n&lt;li&gt;&lt;strong&gt;&lt;a href=\"http://www.imdb.com/name/nm0799777/?ref_=nv_sr_1\"&gt;J.K. Simmons&lt;/a&gt; (Whiplash)&lt;/strong&gt;&lt;/li&gt;\n&lt;/ul&gt;\n\n&lt;p&gt;&lt;strong&gt;Best Actress in a Supporting Role&lt;/strong&gt;&lt;/p&gt;\n\n&lt;ul&gt;\n&lt;li&gt;&lt;strong&gt;&lt;a href=\"http://www.imdb.com/name/nm0000099/?ref_=nv_sr_1\"&gt;Patricia Arquette&lt;/a&gt; (Boyhood)&lt;/strong&gt;&lt;/li&gt;\n&lt;li&gt;&lt;a href=\"http://www.imdb.com/name/nm0000368/?ref_=nv_sr_3\"&gt;Laura Dern&lt;/a&gt; (Wild)&lt;/li&gt;\n&lt;li&gt;&lt;a href=\"http://www.imdb.com/name/nm0461136/?ref_=nv_sr_1\"&gt;Keira Knightley&lt;/a&gt; (The Imitation Game)&lt;/li&gt;\n&lt;li&gt;&lt;a href=\"http://www.imdb.com/name/nm1297015/?ref_=nv_sr_1\"&gt;Emma Stone&lt;/a&gt; (Birdman)&lt;/li&gt;\n&lt;li&gt;&lt;a href=\"http://www.imdb.com/name/nm0000658/?ref_=nv_sr_1\"&gt;Meryl Streep&lt;/a&gt; (Into the Woods)&lt;/li&gt;\n&lt;/ul&gt;\n\n&lt;p&gt;&lt;strong&gt;Best Animated Feature&lt;/strong&gt;&lt;/p&gt;\n\n&lt;ul&gt;\n&lt;li&gt;&lt;strong&gt;&lt;a href=\"http://www.imdb.com/title/tt2245084/?ref_=nv_sr_1\"&gt;Big Hero 6&lt;/a&gt; (Don Hall, Chris Williams and Roy Conli)&lt;/strong&gt;&lt;/li&gt;\n&lt;li&gt;&lt;a href=\"http://www.imdb.com/title/tt0787474/?ref_=nv_sr_1\"&gt;The Boxtrolls&lt;/a&gt; (Anthony Stacchi, Graham Annable and Travis Knight)&lt;/li&gt;\n&lt;li&gt;&lt;a href=\"http://www.imdb.com/title/tt1646971/?ref_=nv_sr_2\"&gt;How to Train Your Dragon 2&lt;/a&gt; (Dean DeBlois and Bonnie Arnold)&lt;/li&gt;\n&lt;li&gt;&lt;a href=\"http://www.imdb.com/title/tt1865505/?ref_=nv_sr_1\"&gt;Song of the Sea&lt;/a&gt; (Tomm Moore and Paul Young)&lt;/li&gt;\n&lt;li&gt;&lt;a href=\"http://www.imdb.com/title/tt2576852/?ref_=nv_sr_1\"&gt;The Tale of the Princess Kaguya&lt;/a&gt; (Isao Takahata and Yoshiaki Nishimura)&lt;/li&gt;\n&lt;/ul&gt;\n\n&lt;p&gt;&lt;strong&gt;Best Directing&lt;/strong&gt;&lt;/p&gt;\n\n&lt;ul&gt;\n&lt;li&gt;&lt;strong&gt;&lt;a href=\"http://www.imdb.com/name/nm0327944/?ref_=nv_sr_1\"&gt;Alejandro G. I\u00f1\u00e1rritu&lt;/a&gt; (Birdman)&lt;/strong&gt;&lt;/li&gt;\n&lt;li&gt;&lt;a href=\"http://www.imdb.com/name/nm0000500/?ref_=nv_sr_5\"&gt;Richard Linklater&lt;/a&gt; (Boyhood)&lt;/li&gt;\n&lt;li&gt;&lt;a href=\"http://www.imdb.com/name/nm0587955/?ref_=nv_sr_5\"&gt;Bennett Miller&lt;/a&gt; (Foxcatcher)&lt;/li&gt;\n&lt;li&gt;&lt;a href=\"http://www.imdb.com/name/nm0027572/?ref_=nv_sr_1\"&gt;Wes Anderson&lt;/a&gt; (The Grand Budapest Hotel)&lt;/li&gt;\n&lt;li&gt;&lt;a href=\"http://www.imdb.com/name/nm0878763/?ref_=nv_sr_2\"&gt;Morten Tyldum&lt;/a&gt; (The Imitation Game)&lt;/li&gt;\n&lt;/ul&gt;\n\n&lt;p&gt;&lt;strong&gt;Best Documentary Feature&lt;/strong&gt;&lt;/p&gt;\n\n&lt;ul&gt;\n&lt;li&gt;&lt;strong&gt;&lt;a href=\"http://www.imdb.com/title/tt4044364/?ref_=nv_sr_1\"&gt;CitizenFour&lt;/a&gt; (Laura Poitras, Mathilde Bonnefoy and Dirk Wilutzky)&lt;/strong&gt;&lt;/li&gt;\n&lt;li&gt;&lt;a href=\"http://www.imdb.com/title/tt2714900/?ref_=nv_sr_1\"&gt;Finding Vivian Maier&lt;/a&gt; (John Maloof and Charlie Siskel)&lt;/li&gt;\n&lt;li&gt;&lt;a href=\"http://www.imdb.com/title/tt3279124/?ref_=nv_sr_3\"&gt;Last Days in Vietnam&lt;/a&gt; (Rory Kennedy and Keven McAlesterl)&lt;/li&gt;\n&lt;li&gt;&lt;a href=\"http://www.imdb.com/title/tt3674140/?ref_=nv_sr_1\"&gt;The Salt of the Earth&lt;/a&gt; (Wim Wenders, Juliano Ribeiro Salgado and David Rosier)&lt;/li&gt;\n&lt;li&gt;&lt;a href=\"http://www.imdb.com/title/tt3455224/?ref_=nv_sr_1\"&gt;Virunga&lt;/a&gt; (Orlando von Einsiedel and Joanna Natasegara)&lt;/li&gt;\n&lt;/ul&gt;\n\n&lt;p&gt;&lt;strong&gt;Best Foreign Language Film&lt;/strong&gt;&lt;/p&gt;\n\n&lt;ul&gt;\n&lt;li&gt;&lt;strong&gt;&lt;a href=\"http://www.imdb.com/title/tt2718492/?ref_=nv_sr_1\"&gt;Ida&lt;/a&gt; (Poland)&lt;/strong&gt;&lt;/li&gt;\n&lt;li&gt;&lt;a href=\"http://www.imdb.com/title/tt2802154/?ref_=nv_sr_1\"&gt;Leviathan&lt;/a&gt; (Russia)&lt;/li&gt;\n&lt;li&gt;&lt;a href=\"http://www.imdb.com/title/tt2991224/?ref_=nv_sr_1\"&gt;Tangerines&lt;/a&gt; (Estonia)&lt;/li&gt;\n&lt;li&gt;&lt;a href=\"http://www.imdb.com/title/tt3409392/?ref_=nv_sr_1\"&gt;Timbuktu&lt;/a&gt; (Mauritania)&lt;/li&gt;\n&lt;li&gt;&lt;a href=\"http://www.imdb.com/title/tt3011894/?ref_=nv_sr_1\"&gt;Wild Tales&lt;/a&gt; (Argentina)&lt;/li&gt;\n&lt;/ul&gt;\n\n&lt;p&gt;&lt;strong&gt;Best Adapted Screenplay&lt;/strong&gt;&lt;/p&gt;\n\n&lt;ul&gt;\n&lt;li&gt;American Sniper (Jason Hall)&lt;/li&gt;\n&lt;li&gt;The Imitation Game (Written by Graham Moore)&lt;/li&gt;\n&lt;li&gt;&lt;a href=\"http://www.imdb.com/title/tt1791528/?ref_=nv_sr_1\"&gt;Inherent Vice&lt;/a&gt; (Paul Thomas Anderson)&lt;/li&gt;\n&lt;li&gt;The Theory of Everything (Anthony McCarten)&lt;/li&gt;\n&lt;li&gt;Whiplash (Damien Chazelle)&lt;/li&gt;\n&lt;/ul&gt;\n\n&lt;p&gt;&lt;strong&gt;Best Original Screenplay&lt;/strong&gt;&lt;/p&gt;\n\n&lt;ul&gt;\n&lt;li&gt;&lt;strong&gt;Birdman or (The Unexpected Virtue of Ignorance) (Alejandro G. I\u00f1\u00e1rritu, Nicol\u00e1s Giacobone, Alexander Dinelaris, Jr. &amp;amp; Armando Bo)&lt;/strong&gt;&lt;/li&gt;\n&lt;li&gt;Boyhood (Richard Linklater)&lt;/li&gt;\n&lt;li&gt;Foxcatcher (E. Max Frye and Dan Futterman)&lt;/li&gt;\n&lt;li&gt;The Grand Budapest Hotel (Wes Anderson)&lt;/li&gt;\n&lt;li&gt;&lt;a href=\"http://www.imdb.com/title/tt2872718/?ref_=nv_sr_1\"&gt;Nightcrawler&lt;/a&gt; (Dan Gilroy)&lt;/li&gt;\n&lt;/ul&gt;\n\n&lt;hr/&gt;\n\n&lt;p&gt;&lt;a href=\"http://oscar.go.com/nominees\"&gt;Here&lt;/a&gt; is a full list of nominees.&lt;/p&gt;\n\n&lt;p&gt;The ceremony is at 8:30pm tonight Eastern time on ABC.&lt;/p&gt;\n&lt;/div&gt;&lt;!-- SC_ON --&gt;", "selftext": "Welcome to the /r/movies Official Oscar Thread. Some notes about tonight.\n\n1. All Oscar related content posted to /r/movies will be condensed to this thread.\n\n2. Sort the thread by new and refresh often so you can see the most recent comments and join the conversation!\n\n3. There will be a post Oscar discussion thread as well posted half an hour after the Oscars end.\n\n4. Are you looking for the Oscar Bingo game thread? Click [here](http://www.reddit.com/r/movies/comments/2wtllz/rmovies_oscar_bingo_thread/) and please upvote for visibility! It's a self post so no karma is involved.\n\n---\n\n**Major Nominees**\n\n**Best Picture**\n\n* [American Sniper](http://www.imdb.com/title/tt2179136/?ref_=nv_sr_1)\n* [Birdman or (The Unexpected Virtue of Ignorance)](http://www.imdb.com/title/tt2562232/?ref_=nv_sr_1)\n* [Boyhood](http://www.imdb.com/title/tt1065073/?ref_=nv_sr_2)\n* [The Grand Budapest Hotel](http://www.imdb.com/title/tt2278388/?ref_=nv_sr_1)\n* [The Imitation Game](http://www.imdb.com/title/tt2084970/?ref_=nv_sr_1)\n* [Selma](http://www.imdb.com/title/tt1020072/?ref_=nv_sr_1)\n* [The Theory of Everything](http://www.imdb.com/title/tt2980516/?ref_=nv_sr_1)\n* [Whiplash](http://www.imdb.com/title/tt2582802/?ref_=nv_sr_1)\n\n**Best Actor in a Leading Role**\n\n* [Steve Carell](http://www.imdb.com/name/nm0136797/?ref_=nv_sr_1) (Foxcatcher)\n* [Bradley Cooper](http://www.imdb.com/name/nm0177896/?ref_=nv_sr_1) (American Sniper)\n* [Benedict Cumberbatch](http://www.imdb.com/name/nm1212722/?ref_=nv_sr_1) (The Imitation Game)\n* [Michael Keaton](http://www.imdb.com/name/nm0000474/?ref_=nv_sr_1) (Birdman)\n* [Eddie Redmayne](http://www.imdb.com/name/nm1519666/?ref_=nv_sr_1) (The Theory of Everything)\n\n**Best Actress in a Leading Role**\n\n* [Marion Cotillard](http://www.imdb.com/name/nm0182839/?ref_=nv_sr_1) (Two Days, One Night)\n* [Felicity Jones](http://www.imdb.com/name/nm0428065/?ref_=nv_sr_1) (The Theory of Everything)\n* [Julianne Moore](http://www.imdb.com/name/nm0000194/?ref_=nv_sr_1) (Still Alice)\n* [Rosamund Pike](http://www.imdb.com/name/nm0683253/?ref_=nv_sr_1) (Gone Girl)\n* [Reese Witherspoon](http://www.imdb.com/name/nm0000702/?ref_=nv_sr_1) (Wild)\n\n**Best Actor in a Supporting Role**\n\n* [Robert Duvalli](http://www.imdb.com/name/nm0000380/?ref_=nv_sr_3) (The Judge)\n* [Ethan Hawke](http://www.imdb.com/name/nm0000160/?ref_=nv_sr_1) (Boyhood)\n* [Edward Norton](http://www.imdb.com/name/nm0001570/?ref_=nv_sr_1) (Birdman)\n* [Mark Ruffalo](http://www.imdb.com/name/nm0749263/?ref_=nv_sr_1) (Foxcatcher)\n* **[J.K. Simmons](http://www.imdb.com/name/nm0799777/?ref_=nv_sr_1) (Whiplash)**\n\n**Best Actress in a Supporting Role**\n\n* **[Patricia Arquette](http://www.imdb.com/name/nm0000099/?ref_=nv_sr_1) (Boyhood)**\n* [Laura Dern](http://www.imdb.com/name/nm0000368/?ref_=nv_sr_3) (Wild)\n* [Keira Knightley](http://www.imdb.com/name/nm0461136/?ref_=nv_sr_1) (The Imitation Game)\n* [Emma Stone](http://www.imdb.com/name/nm1297015/?ref_=nv_sr_1) (Birdman)\n* [Meryl Streep](http://www.imdb.com/name/nm0000658/?ref_=nv_sr_1) (Into the Woods)\n\n**Best Animated Feature**\n\n* **[Big Hero 6](http://www.imdb.com/title/tt2245084/?ref_=nv_sr_1) (Don Hall, Chris Williams and Roy Conli)**\n* [The Boxtrolls](http://www.imdb.com/title/tt0787474/?ref_=nv_sr_1) (Anthony Stacchi, Graham Annable and Travis Knight)\n* [How to Train Your Dragon 2](http://www.imdb.com/title/tt1646971/?ref_=nv_sr_2) (Dean DeBlois and Bonnie Arnold)\n* [Song of the Sea](http://www.imdb.com/title/tt1865505/?ref_=nv_sr_1) (Tomm Moore and Paul Young)\n* [The Tale of the Princess Kaguya](http://www.imdb.com/title/tt2576852/?ref_=nv_sr_1) (Isao Takahata and Yoshiaki Nishimura)\n\n**Best Directing**\n\n* **[Alejandro G. I\u00f1\u00e1rritu](http://www.imdb.com/name/nm0327944/?ref_=nv_sr_1) (Birdman)**\n* [Richard Linklater](http://www.imdb.com/name/nm0000500/?ref_=nv_sr_5) (Boyhood)\n* [Bennett Miller](http://www.imdb.com/name/nm0587955/?ref_=nv_sr_5) (Foxcatcher)\n* [Wes Anderson](http://www.imdb.com/name/nm0027572/?ref_=nv_sr_1) (The Grand Budapest Hotel)\n* [Morten Tyldum](http://www.imdb.com/name/nm0878763/?ref_=nv_sr_2) (The Imitation Game)\n\n**Best Documentary Feature**\n\n* **[CitizenFour](http://www.imdb.com/title/tt4044364/?ref_=nv_sr_1) (Laura Poitras, Mathilde Bonnefoy and Dirk Wilutzky)**\n* [Finding Vivian Maier](http://www.imdb.com/title/tt2714900/?ref_=nv_sr_1) (John Maloof and Charlie Siskel)\n* [Last Days in Vietnam](http://www.imdb.com/title/tt3279124/?ref_=nv_sr_3) (Rory Kennedy and Keven McAlesterl)\n* [The Salt of the Earth](http://www.imdb.com/title/tt3674140/?ref_=nv_sr_1) (Wim Wenders, Juliano Ribeiro Salgado and David Rosier)\n* [Virunga](http://www.imdb.com/title/tt3455224/?ref_=nv_sr_1) (Orlando von Einsiedel and Joanna Natasegara)\n\n**Best Foreign Language Film**\n\n* **[Ida](http://www.imdb.com/title/tt2718492/?ref_=nv_sr_1) (Poland)**\n* [Leviathan](http://www.imdb.com/title/tt2802154/?ref_=nv_sr_1) (Russia)\n* [Tangerines](http://www.imdb.com/title/tt2991224/?ref_=nv_sr_1) (Estonia)\n* [Timbuktu](http://www.imdb.com/title/tt3409392/?ref_=nv_sr_1) (Mauritania)\n* [Wild Tales](http://www.imdb.com/title/tt3011894/?ref_=nv_sr_1) (Argentina)\n\n**Best Adapted Screenplay**\n\n* American Sniper (Jason Hall)\n* The Imitation Game (Written by Graham Moore)\n* [Inherent Vice](http://www.imdb.com/title/tt1791528/?ref_=nv_sr_1) (Paul Thomas Anderson)\n* The Theory of Everything (Anthony McCarten)\n* Whiplash (Damien Chazelle)\n\n**Best Original Screenplay**\n\n* **Birdman or (The Unexpected Virtue of Ignorance) (Alejandro G. I\u00f1\u00e1rritu, Nicol\u00e1s Giacobone, Alexander Dinelaris, Jr. &amp; Armando Bo)**\n* Boyhood (Richard Linklater)\n* Foxcatcher (E. Max Frye and Dan Futterman)\n* The Grand Budapest Hotel (Wes Anderson)\n* [Nightcrawler](http://www.imdb.com/title/tt2872718/?ref_=nv_sr_1) (Dan Gilroy)\n\n---\n\n[Here](http://oscar.go.com/nominees) is a full list of nominees.\n\nThe ceremony is at 8:30pm tonight Eastern time on ABC.", "likes": null, "user_reports": [], "secure_media": null, "link_flair_text": "Discussion", "id": "2wtlc5", "gilded": 0, "archived": false, "clicked": false, "report_reasons": null, "author": "LiteraryBoner", "num_comments": 17043, "score": 1961, "approved_by": null, "over_18": false, "hidden": false, "thumbnail": "self", "subreddit_id": "t5_2qh3s", "edited": 1424666636.0, "link_flair_css_class": "discussion", "author_flair_css_class": null, "downs": 0, "secure_media_embed": {}, "saved": false, "stickied": false, "is_self": true, "permalink": "/r/movies/comments/2wtlc5/official_oscar_thread_2015/", "name": "t3_2wtlc5", "created": 1424683257.0, "url": "http://www.reddit.com/r/movies/comments/2wtlc5/official_oscar_thread_2015/", "author_flair_text": "The GameMaster", "title": "Official Oscar Thread 2015", "created_utc": 1424654457.0, "distinguished": "moderator", "media": null, "mod_reports": [], "visited": false, "num_reports": null, "ups": 1961}}, {"kind": "t3", "data": {"domain": "i.imgur.com", "banned_by": null, "media_embed": {}, "subreddit": "sports", "selftext_html": null, "selftext": "", "likes": null, "user_reports": [], "secure_media": null, "link_flair_text": "Picture/Video", "id": "2wslrc", "gilded": 1, "archived": false, "clicked": false, "report_reasons": null, "author": "Tfoster7102", "num_comments": 315, "score": 3158, "approved_by": null, "over_18": false, "hidden": false, "thumbnail": "http://b.thumbs.redditmedia.com/qsX8rrCN2PftQpiALzquPzII6M7-XiptOMdqRCRM1Uo.jpg", "subreddit_id": "t5_2qgzy", "edited": false, "link_flair_css_class": "camera", "author_flair_css_class": null, "downs": 0, "secure_media_embed": {}, "saved": false, "stickied": false, "is_self": false, "permalink": "/r/sports/comments/2wslrc/fuck_off_espn/", "name": "t3_2wslrc", "created": 1424666392.0, "url": "http://i.imgur.com/HkoRVi0.jpg", "author_flair_text": null, "title": "Fuck off ESPN", "created_utc": 1424637592.0, "distinguished": null, "media": null, "mod_reports": [], "visited": false, "num_reports": null, "ups": 3158}}, {"kind": "t3", "data": {"domain": "self.personalfinance", "banned_by": null, "media_embed": {}, "subreddit": "personalfinance", "selftext_html": "&lt;!-- SC_OFF --&gt;&lt;div class=\"md\"&gt;&lt;p&gt;I\u2019ll get straight to the point. &lt;/p&gt;\n\n&lt;h2&gt;&lt;/h2&gt;\n\n&lt;p&gt;Short version:&lt;/p&gt;\n\n&lt;h2&gt;&lt;/h2&gt;\n\n&lt;p&gt;I\u2019ve been \u201cbought off\u201d by my parents. They told me I am no longer welcome to live with them, and I guess in some sort of twisted way of not feeling bad about it, they are giving me $250,000 to not contact them ever again. &lt;/p&gt;\n\n&lt;p&gt;I don\u2019t know anything about investments, and I\u2019m unemployed (but actively looking for a job, I have an economics degree from a decent university) and I want to know how to best manage that money so I don\u2019t lose it and I get some return on it for the future. &lt;/p&gt;\n\n&lt;h2&gt;&lt;/h2&gt;\n\n&lt;p&gt;Long version:&lt;/p&gt;\n\n&lt;h2&gt;&lt;/h2&gt;\n\n&lt;p&gt;Growing up I was always somewhat the \u201clost cause\u201d since my brother was better than me at everything. It doesn\u2019t mean I did bad, I was just a little above average while he was always the best at everything; academia, sports, social life, you name it. I don\u2019t know why but my parents seemed to always be ashamed of me. I didn\u2019t get into trouble, I was a quiet kid, I did what I had to do and I tried not to get in anyone\u2019s way. The comparisons were always there though, I don\u2019t even know why but that\u2019s the way it is. I don\u2019t understand why anyone would want to do that, I used to blame myself for it when I was younger but I know it\u2019s not my fault now. Almost 3 years ago my brother was in an accident and after being in a coma for 27 days he passed away. Things didn\u2019t get any better after this, and if anything, the comparisons only increased. I never wanted to cause any trouble but I just couldn\u2019t take it anymore and eventually I couldn\u2019t put up with the abuse any longer. I didn\u2019t do anything radical, I just started talking back and standing up for myself. I had moved away for college and the problems eased up a bit while I was away, but I had to come back home to look for a job last year when I finished college because (ironically) I didn\u2019t want to ask for any money. I\u2019ve been looking for a job for months, without much luck. I\u2019ve been to interviews, assessment centers and what not, but I haven\u2019t managed to get a job yet. Last week my parents told me I have a month to move out and not contact them again. &lt;/p&gt;\n&lt;/div&gt;&lt;!-- SC_ON --&gt;", "selftext": "I\u2019ll get straight to the point. \n\n-\nShort version:\n\n-\nI\u2019ve been \u201cbought off\u201d by my parents. They told me I am no longer welcome to live with them, and I guess in some sort of twisted way of not feeling bad about it, they are giving me $250,000 to not contact them ever again. \n\nI don\u2019t know anything about investments, and I\u2019m unemployed (but actively looking for a job, I have an economics degree from a decent university) and I want to know how to best manage that money so I don\u2019t lose it and I get some return on it for the future. \n\n\n-\nLong version:\n\n-\nGrowing up I was always somewhat the \u201clost cause\u201d since my brother was better than me at everything. It doesn\u2019t mean I did bad, I was just a little above average while he was always the best at everything; academia, sports, social life, you name it. I don\u2019t know why but my parents seemed to always be ashamed of me. I didn\u2019t get into trouble, I was a quiet kid, I did what I had to do and I tried not to get in anyone\u2019s way. The comparisons were always there though, I don\u2019t even know why but that\u2019s the way it is. I don\u2019t understand why anyone would want to do that, I used to blame myself for it when I was younger but I know it\u2019s not my fault now. Almost 3 years ago my brother was in an accident and after being in a coma for 27 days he passed away. Things didn\u2019t get any better after this, and if anything, the comparisons only increased. I never wanted to cause any trouble but I just couldn\u2019t take it anymore and eventually I couldn\u2019t put up with the abuse any longer. I didn\u2019t do anything radical, I just started talking back and standing up for myself. I had moved away for college and the problems eased up a bit while I was away, but I had to come back home to look for a job last year when I finished college because (ironically) I didn\u2019t want to ask for any money. I\u2019ve been looking for a job for months, without much luck. I\u2019ve been to interviews, assessment centers and what not, but I haven\u2019t managed to get a job yet. Last week my parents told me I have a month to move out and not contact them again. ", "likes": null, "user_reports": [], "secure_media": null, "link_flair_text": null, "id": "2wt66b", "gilded": 1, "archived": false, "clicked": false, "report_reasons": null, "author": "optimalcontrol", "num_comments": 1045, "score": 1638, "approved_by": null, "over_18": false, "hidden": false, "thumbnail": "", "subreddit_id": "t5_2qstm", "edited": false, "link_flair_css_class": null, "author_flair_css_class": null, "downs": 0, "secure_media_embed": {}, "saved": false, "stickied": false, "is_self": true, "permalink": "/r/personalfinance/comments/2wt66b/bought_off_by_my_parents_given_250k_to_never/", "name": "t3_2wt66b", "created": 1424675707.0, "url": "http://www.reddit.com/r/personalfinance/comments/2wt66b/bought_off_by_my_parents_given_250k_to_never/", "author_flair_text": null, "title": "\"Bought off\" by my parents - Given 250k to never contact them again. What to do?", "created_utc": 1424646907.0, "distinguished": null, "media": null, "mod_reports": [], "visited": false, "num_reports": null, "ups": 1638}}, {"kind": "t3", "data": {"domain": "i.imgur.com", "banned_by": null, "media_embed": {}, "subreddit": "food", "selftext_html": null, "selftext": "", "likes": null, "user_reports": [], "secure_media": null, "link_flair_text": null, "id": "2wrysb", "gilded": 0, "archived": false, "clicked": false, "report_reasons": null, "author": "tdmoneybanks", "num_comments": 260, "score": 3677, "approved_by": null, "over_18": false, "hidden": false, "thumbnail": "http://b.thumbs.redditmedia.com/4glpSLXEbKHjLGI8ztjaxtDpQfGdYBLVTt-8bhz2LOo.jpg", "subreddit_id": "t5_2qh55", "edited": false, "link_flair_css_class": null, "author_flair_css_class": null, "downs": 0, "secure_media_embed": {}, "saved": false, "stickied": false, "is_self": false, "permalink": "/r/food/comments/2wrysb/i_like_my_pineapples_with_chicken/", "name": "t3_2wrysb", "created": 1424655554.0, "url": "http://i.imgur.com/1E2fc6Y.jpg?1", "author_flair_text": null, "title": "I like my pineapples with chicken.", "created_utc": 1424626754.0, "distinguished": null, "media": null, "mod_reports": [], "visited": false, "num_reports": null, "ups": 3677}}, {"kind": "t3", "data": {"domain": "news.sky.com", "banned_by": null, "media_embed": {}, "subreddit": "news", "selftext_html": null, "selftext": "", "likes": null, "user_reports": [], "secure_media": null, "link_flair_text": null, "id": "2wszej", "gilded": 0, "archived": false, "clicked": false, "report_reasons": null, "author": "TheHoneymeister", "num_comments": 140, "score": 1540, "approved_by": null, "over_18": false, "hidden": false, "thumbnail": "", "subreddit_id": "t5_2qh3l", "edited": false, "link_flair_css_class": null, "author_flair_css_class": null, "downs": 0, "secure_media_embed": {}, "saved": false, "stickied": false, "is_self": false, "permalink": "/r/news/comments/2wszej/one_of_the_racist_chelsea_fans_sought_after_the/", "name": "t3_2wszej", "created": 1424672564.0, "url": "http://news.sky.com/story/1432198/ex-cop-says-sorry-over-chelsea-racism-incident", "author_flair_text": null, "title": "One of the racist Chelsea fans sought after the Paris metro incident is an ex-policeman and director of the World Human Rights Forum", "created_utc": 1424643764.0, "distinguished": null, "media": null, "mod_reports": [], "visited": false, "num_reports": null, "ups": 1540}}, {"kind": "t3", "data": {"domain": "imgur.com", "banned_by": null, "media_embed": {}, "subreddit": "mildlyinteresting", "selftext_html": null, "selftext": "", "likes": null, "user_reports": [], "secure_media": null, "link_flair_text": null, "id": "2ws7fr", "gilded": 0, "archived": false, "clicked": false, "report_reasons": null, "author": "shouldbeworking23", "num_comments": 587, "score": 2922, "approved_by": null, "over_18": false, "hidden": false, "thumbnail": "http://b.thumbs.redditmedia.com/7HAXXYJs5sP3C-gUolmjj1kVXoCrb1f814_qD7K8W2k.jpg", "subreddit_id": "t5_2ti4h", "edited": false, "link_flair_css_class": null, "author_flair_css_class": null, "downs": 0, "secure_media_embed": {}, "saved": false, "stickied": false, "is_self": false, "permalink": "/r/mildlyinteresting/comments/2ws7fr/a_urinal_where_women_can_stand_and_pee/", "name": "t3_2ws7fr", "created": 1424659767.0, "url": "http://imgur.com/OiRYbP9", "author_flair_text": null, "title": "A urinal where women can stand and pee", "created_utc": 1424630967.0, "distinguished": null, "media": null, "mod_reports": [], "visited": false, "num_reports": null, "ups": 2922}}, {"kind": "t3", "data": {"domain": "youtube.com", "banned_by": null, "media_embed": {"content": "&lt;iframe class=\"embedly-embed\" src=\"//cdn.embedly.com/widgets/media.html?src=http%3A%2F%2Fwww.youtube.com%2Fembed%2F2zskfZmswbQ%3Ffeature%3Doembed&amp;url=https%3A%2F%2Fwww.youtube.com%2Fwatch%3Fv%3D2zskfZmswbQ&amp;image=http%3A%2F%2Fi.ytimg.com%2Fvi%2F2zskfZmswbQ%2Fhqdefault.jpg&amp;key=2aa3c4d5f3de4f5b9120b660ad850dc9&amp;type=text%2Fhtml&amp;schema=youtube\" width=\"600\" height=\"338\" scrolling=\"no\" frameborder=\"0\" allowfullscreen&gt;&lt;/iframe&gt;", "width": 600, "scrolling": false, "height": 338}, "subreddit": "Music", "selftext_html": null, "selftext": "", "likes": null, "user_reports": [], "secure_media": {"type": "youtube.com", "oembed": {"provider_url": "http://www.youtube.com/", "description": "Lady Gaga", "title": "Lady Gaga perform at the Oscars 2015 HD", "url": "http://www.youtube.com/watch?v=2zskfZmswbQ", "author_name": "First One", "height": 338, "width": 600, "html": "&lt;iframe class=\"embedly-embed\" src=\"https://cdn.embedly.com/widgets/media.html?src=https%3A%2F%2Fwww.youtube.com%2Fembed%2F2zskfZmswbQ%3Ffeature%3Doembed&amp;url=https%3A%2F%2Fwww.youtube.com%2Fwatch%3Fv%3D2zskfZmswbQ&amp;image=http%3A%2F%2Fi.ytimg.com%2Fvi%2F2zskfZmswbQ%2Fhqdefault.jpg&amp;key=2aa3c4d5f3de4f5b9120b660ad850dc9&amp;type=text%2Fhtml&amp;schema=youtube\" width=\"600\" height=\"338\" scrolling=\"no\" frameborder=\"0\" allowfullscreen&gt;&lt;/iframe&gt;", "thumbnail_width": 480, "version": "1.0", "provider_name": "YouTube", "thumbnail_url": "https://i.embed.ly/1/image?url=http%3A%2F%2Fi.ytimg.com%2Fvi%2F2zskfZmswbQ%2Fhqdefault.jpg&amp;key=b1e305db91cf4aa5a86b732cc9fffceb", "type": "video", "thumbnail_height": 360, "author_url": "http://www.youtube.com/channel/UCokli_gwLA2bVc9wLmUqTbw"}}, "link_flair_text": "Stream", "id": "2wu8yv", "gilded": 0, "archived": false, "clicked": false, "report_reasons": null, "author": "AkioUK", "num_comments": 63, "score": 460, "approved_by": null, "over_18": false, "hidden": false, "thumbnail": "", "subreddit_id": "t5_2qh1u", "edited": false, "link_flair_css_class": "stream", "author_flair_css_class": null, "downs": 0, "secure_media_embed": {"content": "&lt;iframe class=\"embedly-embed\" src=\"https://cdn.embedly.com/widgets/media.html?src=https%3A%2F%2Fwww.youtube.com%2Fembed%2F2zskfZmswbQ%3Ffeature%3Doembed&amp;url=https%3A%2F%2Fwww.youtube.com%2Fwatch%3Fv%3D2zskfZmswbQ&amp;image=http%3A%2F%2Fi.ytimg.com%2Fvi%2F2zskfZmswbQ%2Fhqdefault.jpg&amp;key=2aa3c4d5f3de4f5b9120b660ad850dc9&amp;type=text%2Fhtml&amp;schema=youtube\" width=\"600\" height=\"338\" scrolling=\"no\" frameborder=\"0\" allowfullscreen&gt;&lt;/iframe&gt;", "width": 600, "scrolling": false, "height": 338}, "saved": false, "stickied": false, "is_self": false, "permalink": "/r/Music/comments/2wu8yv/lady_gaga_performance_of_the_sound_of_music/", "name": "t3_2wu8yv", "created": 1424695890.0, "url": "https://www.youtube.com/watch?v=2zskfZmswbQ", "author_flair_text": null, "title": "Lady Gaga - Performance of 'The sound of Music' soundtrack at The Oscars [Classical]", "created_utc": 1424667090.0, "distinguished": null, "media": {"type": "youtube.com", "oembed": {"provider_url": "http://www.youtube.com/", "description": "Lady Gaga", "title": "Lady Gaga perform at the Oscars 2015 HD", "url": "http://www.youtube.com/watch?v=2zskfZmswbQ", "author_name": "First One", "height": 338, "width": 600, "html": "&lt;iframe class=\"embedly-embed\" src=\"//cdn.embedly.com/widgets/media.html?src=http%3A%2F%2Fwww.youtube.com%2Fembed%2F2zskfZmswbQ%3Ffeature%3Doembed&amp;url=https%3A%2F%2Fwww.youtube.com%2Fwatch%3Fv%3D2zskfZmswbQ&amp;image=http%3A%2F%2Fi.ytimg.com%2Fvi%2F2zskfZmswbQ%2Fhqdefault.jpg&amp;key=2aa3c4d5f3de4f5b9120b660ad850dc9&amp;type=text%2Fhtml&amp;schema=youtube\" width=\"600\" height=\"338\" scrolling=\"no\" frameborder=\"0\" allowfullscreen&gt;&lt;/iframe&gt;", "thumbnail_width": 480, "version": "1.0", "provider_name": "YouTube", "thumbnail_url": "http://i.ytimg.com/vi/2zskfZmswbQ/hqdefault.jpg", "type": "video", "thumbnail_height": 360, "author_url": "http://www.youtube.com/channel/UCokli_gwLA2bVc9wLmUqTbw"}}, "mod_reports": [], "visited": false, "num_reports": null, "ups": 460}}, {"kind": "t3", "data": {"domain": "self.IAmA", "banned_by": null, "media_embed": {}, "subreddit": "IAmA", "selftext_html": "&lt;!-- SC_OFF --&gt;&lt;div class=\"md\"&gt;&lt;p&gt;I&amp;#39;m a heart surgeon turned satirist, who started from a simple series of 5 minute YouTube videos which then progressed into the biggest live political satire show in the Middle East. I&amp;#39;m the subject of a new documentary directed by a senior producer at The Daily Show, &lt;em&gt;Tickling Giants,&lt;/em&gt; and you can learn more and watch the trailer &lt;a href=\"https://www.indiegogo.com/projects/tickling-giants--2/\"&gt;here&lt;/a&gt;.&lt;/p&gt;\n\n&lt;p&gt;I&amp;#39;m here at reddit HQ in New York City with Victoria to do my AMA today. &lt;/p&gt;\n\n&lt;p&gt;&lt;a href=\"https://twitter.com/DrBassemYoussef/status/569548789452836865\"&gt;https://twitter.com/DrBassemYoussef/status/569548789452836865&lt;/a&gt;&lt;/p&gt;\n\n&lt;p&gt;retweet: &lt;a href=\"https://twitter.com/reddit_AMA/status/569548681998938112\"&gt;https://twitter.com/reddit_AMA/status/569548681998938112&lt;/a&gt;&lt;/p&gt;\n\n&lt;p&gt;&lt;strong&gt;Edit&lt;/strong&gt;: I would love to meet you guys again on reddit. You have been incredible at supporting, and I had some fears that no one would show up, but I was pleasantly surprised. I would like to give out a special thanks to the amazing Victoria, who has been writing my answers at warp speed. I have never seen anybody type that fast, and that efficiently. This is amazing, and I just want to keep on talking so Victoria will continue writing, and I will be amazed about how fast she is, and I have to stop right now or else she will get some kind of carpal tunnel injury.&lt;/p&gt;\n\n&lt;p&gt;Thank you guys for a wonderful time, and please go to the website, and support the movie. Any amount helps.&lt;/p&gt;\n\n&lt;p&gt;&lt;a href=\"https://www.indiegogo.com/projects/tickling-giants--2/\"&gt;https://www.indiegogo.com/projects/tickling-giants--2/&lt;/a&gt; &lt;/p&gt;\n&lt;/div&gt;&lt;!-- SC_ON --&gt;", "selftext": "I'm a heart surgeon turned satirist, who started from a simple series of 5 minute YouTube videos which then progressed into the biggest live political satire show in the Middle East. I'm the subject of a new documentary directed by a senior producer at The Daily Show, *Tickling Giants,* and you can learn more and watch the trailer [here](https://www.indiegogo.com/projects/tickling-giants--2/).\n\nI'm here at reddit HQ in New York City with Victoria to do my AMA today. \n\nhttps://twitter.com/DrBassemYoussef/status/569548789452836865\n\nretweet: https://twitter.com/reddit_AMA/status/569548681998938112\n\n**Edit**: I would love to meet you guys again on reddit. You have been incredible at supporting, and I had some fears that no one would show up, but I was pleasantly surprised. I would like to give out a special thanks to the amazing Victoria, who has been writing my answers at warp speed. I have never seen anybody type that fast, and that efficiently. This is amazing, and I just want to keep on talking so Victoria will continue writing, and I will be amazed about how fast she is, and I have to stop right now or else she will get some kind of carpal tunnel injury.\n\nThank you guys for a wonderful time, and please go to the website, and support the movie. Any amount helps.\n\nhttps://www.indiegogo.com/projects/tickling-giants--2/ ", "likes": null, "user_reports": [], "secure_media": null, "link_flair_text": "Actor / Entertainer", "id": "2wrx5r", "gilded": 0, "archived": false, "clicked": false, "report_reasons": null, "author": "BassemYoussef", "num_comments": 1016, "score": 3596, "approved_by": null, "over_18": false, "hidden": false, "thumbnail": "self", "subreddit_id": "t5_2qzb6", "edited": 1424631473.0, "link_flair_css_class": "actor", "author_flair_css_class": null, "downs": 0, "secure_media_embed": {}, "saved": false, "stickied": false, "is_self": true, "permalink": "/r/IAmA/comments/2wrx5r/i_am_bassem_youssef_the_jon_stewart_of_the_middle/", "name": "t3_2wrx5r", "created": 1424654736.0, "url": "http://www.reddit.com/r/IAmA/comments/2wrx5r/i_am_bassem_youssef_the_jon_stewart_of_the_middle/", "author_flair_text": null, "title": "I am Bassem Youssef, the \"Jon Stewart of the Middle East.\" AMA!", "created_utc": 1424625936.0, "distinguished": null, "media": null, "mod_reports": [], "visited": false, "num_reports": null, "ups": 3596}}, {"kind": "t3", "data": {"domain": "i.imgur.com", "banned_by": null, "media_embed": {}, "subreddit": "Art", "selftext_html": null, "selftext": "", "likes": null, "user_reports": [], "secure_media": null, "link_flair_text": "Artwork", "id": "2wrvdb", "gilded": 0, "archived": false, "clicked": false, "report_reasons": null, "author": "Respectfullyyours", "num_comments": 81, "score": 3499, "approved_by": null, "over_18": false, "hidden": false, "thumbnail": "http://b.thumbs.redditmedia.com/phXKG57z6kEpSowFo25wS9mlZZqDHJBdmfm_idY3l2Y.jpg", "subreddit_id": "t5_2qh7a", "edited": false, "link_flair_css_class": "artwork", "author_flair_css_class": "", "downs": 0, "secure_media_embed": {}, "saved": false, "stickied": false, "is_self": false, "permalink": "/r/Art/comments/2wrvdb/the_blessedthe_damned_livio_scarpella_made_of/", "name": "t3_2wrvdb", "created": 1424653839.0, "url": "http://i.imgur.com/8QJVfYS.jpg", "author_flair_text": "", "title": "The Blessed/The Damned, Livio Scarpella, made of marble, quartz and amethyst, c. 2014", "created_utc": 1424625039.0, "distinguished": null, "media": null, "mod_reports": [], "visited": false, "num_reports": null, "ups": 3499}}, {"kind": "t3", "data": {"domain": "self.Showerthoughts", "banned_by": null, "media_embed": {}, "subreddit": "Showerthoughts", "selftext_html": null, "selftext": "", "likes": null, "user_reports": [], "secure_media": null, "link_flair_text": "/r/all", "id": "2wrzxl", "gilded": 0, "archived": false, "clicked": false, "report_reasons": null, "author": "Mike09220", "num_comments": 151, "score": 3085, "approved_by": null, "over_18": false, "hidden": false, "thumbnail": "", "subreddit_id": "t5_2szyo", "edited": false, "link_flair_css_class": "2", "author_flair_css_class": null, "downs": 0, "secure_media_embed": {}, "saved": false, "stickied": false, "is_self": true, "permalink": "/r/Showerthoughts/comments/2wrzxl/wiz_khalifas_password_for_everything_should_be/", "name": "t3_2wrzxl", "created": 1424656127.0, "url": "http://www.reddit.com/r/Showerthoughts/comments/2wrzxl/wiz_khalifas_password_for_everything_should_be/", "author_flair_text": null, "title": "Wiz Khalifa's password for everything should be \"BlackAndYellow\" and the hint should be \"You know what it is.\"", "created_utc": 1424627327.0, "distinguished": null, "media": null, "mod_reports": [], "visited": false, "num_reports": null, "ups": 3085}}, {"kind": "t3", "data": {"domain": "apod.nasa.gov", "banned_by": null, "media_embed": {}, "subreddit": "space", "selftext_html": null, "selftext": "", "likes": null, "user_reports": [], "secure_media": null, "link_flair_text": "/r/all", "id": "2wrs02", "gilded": 0, "archived": false, "clicked": false, "report_reasons": null, "author": "LaxBro316", "num_comments": 126, "score": 3488, "approved_by": null, "over_18": false, "hidden": false, "thumbnail": "http://b.thumbs.redditmedia.com/CX29HiltXel9YKT83DQI50jvbqfgyupHHhxNnHhNbdw.jpg", "subreddit_id": "t5_2qh87", "edited": false, "link_flair_css_class": "black", "author_flair_css_class": null, "downs": 0, "secure_media_embed": {}, "saved": false, "stickied": false, "is_self": false, "permalink": "/r/space/comments/2wrs02/neptune_and_triton/", "name": "t3_2wrs02", "created": 1424652133.0, "url": "http://apod.nasa.gov/apod/image/0912/neptunetriton_vg2_big.jpg", "author_flair_text": null, "title": "Neptune and Triton", "created_utc": 1424623333.0, "distinguished": null, "media": null, "mod_reports": [], "visited": false, "num_reports": null, "ups": 3488}}, {"kind": "t3", "data": {"domain": "self.Jokes", "banned_by": null, "media_embed": {}, "subreddit": "Jokes", "selftext_html": "&lt;!-- SC_OFF --&gt;&lt;div class=\"md\"&gt;&lt;p&gt;...one was drinking battery acid, the other was eating fireworks.&lt;/p&gt;\n\n&lt;p&gt;They charged one \u2013 and let the other one off.&lt;/p&gt;\n&lt;/div&gt;&lt;!-- SC_ON --&gt;", "selftext": "...one was drinking battery acid, the other was eating fireworks.\n\nThey charged one \u2013 and let the other one off.", "likes": null, "user_reports": [], "secure_media": null, "link_flair_text": null, "id": "2wtfw3", "gilded": 0, "archived": false, "clicked": false, "report_reasons": null, "author": "gaminglifebeginner", "num_comments": 27, "score": 751, "approved_by": null, "over_18": false, "hidden": false, "thumbnail": "", "subreddit_id": "t5_2qh72", "edited": false, "link_flair_css_class": null, "author_flair_css_class": null, "downs": 0, "secure_media_embed": {}, "saved": false, "stickied": false, "is_self": true, "permalink": "/r/Jokes/comments/2wtfw3/police_arrested_two_kids_yesterday/", "name": "t3_2wtfw3", "created": 1424680474.0, "url": "http://www.reddit.com/r/Jokes/comments/2wtfw3/police_arrested_two_kids_yesterday/", "author_flair_text": null, "title": "Police arrested two kids yesterday...", "created_utc": 1424651674.0, "distinguished": null, "media": null, "mod_reports": [], "visited": false, "num_reports": null, "ups": 751}}, {"kind": "t3", "data": {"domain": "imgur.com", "banned_by": null, "media_embed": {}, "subreddit": "GetMotivated", "selftext_html": null, "selftext": "", "likes": null, "user_reports": [], "secure_media": null, "link_flair_text": null, "id": "2wrl4u", "gilded": 0, "archived": false, "clicked": false, "report_reasons": null, "author": "JimmySpeath", "num_comments": 225, "score": 3793, "approved_by": null, "over_18": false, "hidden": false, "thumbnail": "http://b.thumbs.redditmedia.com/gGi9SGegViXYOGaBc_14JIQHp09J0daGEoTEXIajawA.jpg", "subreddit_id": "t5_2rmfx", "edited": false, "link_flair_css_class": "image", "author_flair_css_class": null, "downs": 0, "secure_media_embed": {}, "saved": false, "stickied": false, "is_self": false, "permalink": "/r/GetMotivated/comments/2wrl4u/image_my_new_fav_quote/", "name": "t3_2wrl4u", "created": 1424619365.0, "url": "http://imgur.com/cw2GVdg", "author_flair_text": null, "title": "[Image] My new fav quote", "created_utc": 1424619365.0, "distinguished": null, "media": null, "mod_reports": [], "visited": false, "num_reports": null, "ups": 3793}}, {"kind": "t3", "data": {"domain": "arstechnica.com", "banned_by": null, "media_embed": {}, "subreddit": "science", "selftext_html": null, "selftext": "", "likes": null, "user_reports": [], "secure_media": null, "link_flair_text": "Biology", "id": "2wrd6i", "gilded": 0, "archived": false, "clicked": false, "report_reasons": null, "author": "Jiteye", "num_comments": 859, "score": 4805, "approved_by": null, "over_18": false, "hidden": false, "thumbnail": "", "subreddit_id": "t5_mouw", "edited": false, "link_flair_css_class": "bio", "author_flair_css_class": null, "downs": 0, "secure_media_embed": {}, "saved": false, "stickied": false, "is_self": false, "permalink": "/r/science/comments/2wrd6i/new_hpv_vaccine_is_effective_against_9_strains_of/", "name": "t3_2wrd6i", "created": 1424642669.0, "url": "http://arstechnica.com/science/2015/02/new-hpv-vaccine-is-effective-against-9-strains-of-the-virus/", "author_flair_text": null, "title": "New HPV vaccine is effective against 9 strains of the virus", "created_utc": 1424613869.0, "distinguished": null, "media": null, "mod_reports": [], "visited": false, "num_reports": null, "ups": 4805}}, {"kind": "t3", "data": {"domain": "imgur.com", "banned_by": null, "media_embed": {"content": "&lt;iframe class=\"embedly-embed\" src=\"//cdn.embedly.com/widgets/media.html?src=http%3A%2F%2Fimgur.com%2Fa%2F4KAFN%2Fembed&amp;url=http%3A%2F%2Fimgur.com%2Fa%2F4KAFN&amp;image=http%3A%2F%2Fi.imgur.com%2F0yZ4z6Q.jpg&amp;key=2aa3c4d5f3de4f5b9120b660ad850dc9&amp;type=text%2Fhtml&amp;schema=imgur\" width=\"550\" height=\"550\" scrolling=\"no\" frameborder=\"0\" allowfullscreen&gt;&lt;/iframe&gt;", "width": 550, "scrolling": false, "height": 550}, "subreddit": "DIY", "selftext_html": null, "selftext": "", "likes": null, "user_reports": [], "secure_media": null, "link_flair_text": "woodworking", "id": "2wrh55", "gilded": 0, "archived": false, "clicked": false, "report_reasons": null, "author": "squadger", "num_comments": 381, "score": 4123, "approved_by": null, "over_18": false, "hidden": false, "thumbnail": "", "subreddit_id": "t5_2qh7d", "edited": false, "link_flair_css_class": "hide img5 woodworking", "author_flair_css_class": null, "downs": 0, "secure_media_embed": {}, "saved": false, "stickied": false, "is_self": false, "permalink": "/r/DIY/comments/2wrh55/so_i_made_that_spacetime_coffee_table_from_rpics/", "name": "t3_2wrh55", "created": 1424645587.0, "url": "http://imgur.com/a/4KAFN", "author_flair_text": null, "title": "So I made that spacetime coffee table from /r/pics a few months back", "created_utc": 1424616787.0, "distinguished": null, "media": {"oembed": {"provider_url": "http://imgur.com", "description": "The finished product! (and bonus cat)", "title": "Spacetime Coffee Table", "type": "rich", "thumbnail_width": 3888, "height": 550, "width": 550, "html": "&lt;iframe class=\"embedly-embed\" src=\"//cdn.embedly.com/widgets/media.html?src=http%3A%2F%2Fimgur.com%2Fa%2F4KAFN%2Fembed&amp;url=http%3A%2F%2Fimgur.com%2Fa%2F4KAFN&amp;image=http%3A%2F%2Fi.imgur.com%2F0yZ4z6Q.jpg&amp;key=2aa3c4d5f3de4f5b9120b660ad850dc9&amp;type=text%2Fhtml&amp;schema=imgur\" width=\"550\" height=\"550\" scrolling=\"no\" frameborder=\"0\" allowfullscreen&gt;&lt;/iframe&gt;", "version": "1.0", "provider_name": "Imgur", "thumbnail_url": "http://i.imgur.com/0yZ4z6Q.jpg", "thumbnail_height": 2188}, "type": "imgur.com"}, "mod_reports": [], "visited": false, "num_reports": null, "ups": 4123}}, {"kind": "t3", "data": {"domain": "alternet.org", "banned_by": null, "media_embed": {}, "subreddit": "nottheonion", "selftext_html": null, "selftext": "", "likes": null, "user_reports": [], "secure_media": null, "link_flair_text": "/r/all", "id": "2wrhzw", "gilded": 0, "archived": false, "clicked": false, "report_reasons": null, "author": "GSilvermane", "num_comments": 495, "score": 3601, "approved_by": null, "over_18": false, "hidden": false, "thumbnail": "http://b.thumbs.redditmedia.com/bdZ1HcZrNFkQpvoB1UGbZTVaUXaFMNaiuOZmAJaiiHc.jpg", "subreddit_id": "t5_2qnts", "edited": false, "link_flair_css_class": "ntoflair", "author_flair_css_class": null, "downs": 0, "secure_media_embed": {}, "saved": false, "stickied": false, "is_self": false, "permalink": "/r/nottheonion/comments/2wrhzw/florida_tribe_threatens_rick_scott_let_us_build_a/", "name": "t3_2wrhzw", "created": 1424646173.0, "url": "http://www.alternet.org/florida-tribe-threatens-rick-scott-let-us-build-casino-or-we-start-growing-pot", "author_flair_text": null, "title": "Florida Tribe Threatens Rick Scott: Let Us Build A Casino Or We Start Growing Pot", "created_utc": 1424617373.0, "distinguished": null, "media": null, "mod_reports": [], "visited": false, "num_reports": null, "ups": 3601}}], "after": "t3_2wrhzw", "before": "t3_2wtsvs"}}