{"kind": "Listing", "data": {"modhash": "", "children": [{"kind": "t3", "data": {"domain": "self.AskReddit", "banned_by": null, "media_embed": {}, "subreddit": "AskReddit", "selftext_html": "&lt;!-- SC_OFF --&gt;&lt;div class=\"md\"&gt;&lt;p&gt;Front Page, Thanks Guys !!!!!!!&lt;/p&gt;\n&lt;/div&gt;&lt;!-- SC_ON --&gt;", "selftext": "Front Page, Thanks Guys !!!!!!!", "likes": null, "user_reports": [], "secure_media": null, "link_flair_text": null, "id": "2wtds6", "gilded": 0, "archived": false, "clicked": false, "report_reasons": null, "author": "DWood10", "num_comments": 1468, "score": 2091, "approved_by": null, "over_18": false, "hidden": false, "thumbnail": "", "subreddit_id": "t5_2qh1i", "edited": 1424667300.0, "link_flair_css_class": null, "author_flair_css_class": null, "downs": 0, "secure_media_embed": {}, "saved": false, "stickied": false, "is_self": true, "permalink": "/r/AskReddit/comments/2wtds6/rick_from_pawn_stars_calls_you_in_to_be_an_expert/", "name": "t3_2wtds6", "created": 1424679452.0, "url": "http://www.reddit.com/r/AskReddit/comments/2wtds6/rick_from_pawn_stars_calls_you_in_to_be_an_expert/", "author_flair_text": null, "title": "Rick from Pawn Stars calls you in to be an expert. What is your expertise and the item you are examining ?", "created_utc": 1424650652.0, "distinguished": null, "media": null, "mod_reports": [], "visited": false, "num_reports": null, "ups": 2091}}, {"kind": "t3", "data": {"domain": "self.AskReddit", "banned_by": null, "media_embed": {}, "subreddit": "AskReddit", "selftext_html": "&lt;!-- SC_OFF --&gt;&lt;div class=\"md\"&gt;&lt;p&gt;Pet peeves and the like. &lt;/p&gt;\n\n&lt;p&gt;EDIT: A lot more things piss me off then I previously realized. &lt;/p&gt;\n&lt;/div&gt;&lt;!-- SC_ON --&gt;", "selftext": "Pet peeves and the like. \n\nEDIT: A lot more things piss me off then I previously realized. ", "likes": null, "user_reports": [], "secure_media": null, "link_flair_text": null, "id": "2wsjiq", "gilded": 0, "archived": false, "clicked": false, "report_reasons": null, "author": "BloodNoonKnight", "num_comments": 3069, "score": 1257, "approved_by": null, "over_18": false, "hidden": false, "thumbnail": "", "subreddit_id": "t5_2qh1i", "edited": 1424659204.0, "link_flair_css_class": null, "author_flair_css_class": null, "downs": 0, "secure_media_embed": {}, "saved": false, "stickied": false, "is_self": true, "permalink": "/r/AskReddit/comments/2wsjiq/what_is_the_smallest_thing_anyone_can_do_to_make/", "name": "t3_2wsjiq", "created": 1424665325.0, "url": "http://www.reddit.com/r/AskReddit/comments/2wsjiq/what_is_the_smallest_thing_anyone_can_do_to_make/", "author_flair_text": null, "title": "What is the smallest thing anyone can do to make you insanely angry?", "created_utc": 1424636525.0, "distinguished": null, "media": null, "mod_reports": [], "visited": false, "num_reports": null, "ups": 1257}}, {"kind": "t3", "data": {"domain": "self.AskReddit", "banned_by": null, "media_embed": {}, "subreddit": "AskReddit", "selftext_html": null, "selftext": "", "likes": null, "user_reports": [], "secure_media": null, "link_flair_text": null, "id": "2ws2v1", "gilded": 0, "archived": false, "clicked": false, "report_reasons": null, "author": "Bob_Squob", "num_comments": 1560, "score": 1751, "approved_by": null, "over_18": false, "hidden": false, "thumbnail": "", "subreddit_id": "t5_2qh1i", "edited": false, "link_flair_css_class": null, "author_flair_css_class": null, "downs": 0, "secure_media_embed": {}, "saved": false, "stickied": false, "is_self": true, "permalink": "/r/AskReddit/comments/2ws2v1/what_two_fictional_characters_when_paired_as/", "name": "t3_2ws2v1", "created": 1424657540.0, "url": "http://www.reddit.com/r/AskReddit/comments/2ws2v1/what_two_fictional_characters_when_paired_as/", "author_flair_text": null, "title": "What two fictional characters, when paired as roommates, would make for the funniest sitcom?", "created_utc": 1424628740.0, "distinguished": null, "media": null, "mod_reports": [], "visited": false, "num_reports": null, "ups": 1751}}, {"kind": "t3", "data": {"domain": "self.AskReddit", "banned_by": null, "media_embed": {}, "subreddit": "AskReddit", "selftext_html": null, "selftext": "", "likes": null, "user_reports": [], "secure_media": null, "link_flair_text": "serious replies only", "id": "2wtq9n", "gilded": 0, "archived": false, "clicked": false, "report_reasons": null, "author": "NG96", "num_comments": 437, "score": 377, "approved_by": null, "over_18": true, "hidden": false, "thumbnail": "", "subreddit_id": "t5_2qh1i", "edited": false, "link_flair_css_class": "serious", "author_flair_css_class": null, "downs": 0, "secure_media_embed": {}, "saved": false, "stickied": false, "is_self": true, "permalink": "/r/AskReddit/comments/2wtq9n/what_is_the_creepiest_experience_that_has_ever/", "name": "t3_2wtq9n", "created": 1424685844.0, "url": "http://www.reddit.com/r/AskReddit/comments/2wtq9n/what_is_the_creepiest_experience_that_has_ever/", "author_flair_text": null, "title": "What is the creepiest experience that has ever happened to you or somebody else? [serious] [NSFW]", "created_utc": 1424657044.0, "distinguished": null, "media": null, "mod_reports": [], "visited": false, "num_reports": null, "ups": 377}}, {"kind": "t3", "data": {"domain": "self.AskReddit", "banned_by": null, "media_embed": {}, "subreddit": "AskReddit", "selftext_html": null, "selftext": "", "likes": null, "user_reports": [], "secure_media": null, "link_flair_text": null, "id": "2wri29", "gilded": 0, "archived": false, "clicked": false, "report_reasons": null, "author": "randymarshislorde", "num_comments": 5978, "score": 2556, "approved_by": null, "over_18": false, "hidden": false, "thumbnail": "", "subreddit_id": "t5_2qh1i", "edited": false, "link_flair_css_class": null, "author_flair_css_class": null, "downs": 0, "secure_media_embed": {}, "saved": false, "stickied": false, "is_self": true, "permalink": "/r/AskReddit/comments/2wri29/which_subreddit_would_you_like_to_shake_some/", "name": "t3_2wri29", "created": 1424646212.0, "url": "http://www.reddit.com/r/AskReddit/comments/2wri29/which_subreddit_would_you_like_to_shake_some/", "author_flair_text": null, "title": "Which subreddit would you like to shake some sense into? What would you say to them?", "created_utc": 1424617412.0, "distinguished": null, "media": null, "mod_reports": [], "visited": false, "num_reports": null, "ups": 2556}}, {"kind": "t3", "data": {"domain": "self.AskReddit", "banned_by": null, "media_embed": {}, "subreddit": "AskReddit", "selftext_html": "&lt;!-- SC_OFF --&gt;&lt;div class=\"md\"&gt;&lt;p&gt;EDIT: Front page, thanks guys!&lt;/p&gt;\n&lt;/div&gt;&lt;!-- SC_ON --&gt;", "selftext": "EDIT: Front page, thanks guys!", "likes": null, "user_reports": [], "secure_media": null, "link_flair_text": null, "id": "2wracr", "gilded": 0, "archived": false, "clicked": false, "report_reasons": null, "author": "Wxlson", "num_comments": 6730, "score": 3339, "approved_by": null, "over_18": false, "hidden": false, "thumbnail": "", "subreddit_id": "t5_2qh1i", "edited": 1424664972.0, "link_flair_css_class": null, "author_flair_css_class": null, "downs": 0, "secure_media_embed": {}, "saved": false, "stickied": false, "is_self": true, "permalink": "/r/AskReddit/comments/2wracr/where_would_be_the_worst_place_to_all_of_a_sudden/", "name": "t3_2wracr", "created": 1424640238.0, "url": "http://www.reddit.com/r/AskReddit/comments/2wracr/where_would_be_the_worst_place_to_all_of_a_sudden/", "author_flair_text": null, "title": "Where would be the worst place to all of a sudden go blind?", "created_utc": 1424611438.0, "distinguished": null, "media": null, "mod_reports": [], "visited": false, "num_reports": null, "ups": 3339}}, {"kind": "t3", "data": {"domain": "self.AskReddit", "banned_by": null, "media_embed": {}, "subreddit": "AskReddit", "selftext_html": "&lt;!-- SC_OFF --&gt;&lt;div class=\"md\"&gt;&lt;p&gt;Edit: Obligatory comment about post blowing up.&lt;/p&gt;\n&lt;/div&gt;&lt;!-- SC_ON --&gt;", "selftext": "Edit: Obligatory comment about post blowing up.", "likes": null, "user_reports": [], "secure_media": null, "link_flair_text": null, "id": "2wsjz0", "gilded": 0, "archived": false, "clicked": false, "report_reasons": null, "author": "GranDaddySweet", "num_comments": 570, "score": 860, "approved_by": null, "over_18": false, "hidden": false, "thumbnail": "", "subreddit_id": "t5_2qh1i", "edited": 1424659316.0, "link_flair_css_class": null, "author_flair_css_class": null, "downs": 0, "secure_media_embed": {}, "saved": false, "stickied": false, "is_self": true, "permalink": "/r/AskReddit/comments/2wsjz0/college_admissions_counselors_of_reddit_whats_the/", "name": "t3_2wsjz0", "created": 1424665541.0, "url": "http://www.reddit.com/r/AskReddit/comments/2wsjz0/college_admissions_counselors_of_reddit_whats_the/", "author_flair_text": null, "title": "College admissions counselors of Reddit, what's the weirdest/worst/most memorable essay you've read?", "created_utc": 1424636741.0, "distinguished": null, "media": null, "mod_reports": [], "visited": false, "num_reports": null, "ups": 860}}, {"kind": "t3", "data": {"domain": "self.AskReddit", "banned_by": null, "media_embed": {}, "subreddit": "AskReddit", "selftext_html": "&lt;!-- SC_OFF --&gt;&lt;div class=\"md\"&gt;&lt;p&gt;When you want someone you meet in a social environment on a daily basis, to ask you out. What hints/signs do you use ?&lt;/p&gt;\n&lt;/div&gt;&lt;!-- SC_ON --&gt;", "selftext": "When you want someone you meet in a social environment on a daily basis, to ask you out. What hints/signs do you use ?", "likes": null, "user_reports": [], "secure_media": null, "link_flair_text": null, "id": "2wsx1j", "gilded": 0, "archived": false, "clicked": false, "report_reasons": null, "author": "Doghair_inmybeard", "num_comments": 1017, "score": 565, "approved_by": null, "over_18": false, "hidden": false, "thumbnail": "", "subreddit_id": "t5_2qh1i", "edited": false, "link_flair_css_class": null, "author_flair_css_class": null, "downs": 0, "secure_media_embed": {}, "saved": false, "stickied": false, "is_self": true, "permalink": "/r/AskReddit/comments/2wsx1j/girls_of_reddit_what_subtle_hints_do_you_drop/", "name": "t3_2wsx1j", "created": 1424671499.0, "url": "http://www.reddit.com/r/AskReddit/comments/2wsx1j/girls_of_reddit_what_subtle_hints_do_you_drop/", "author_flair_text": null, "title": "Girls of reddit, what subtle hints do you drop, when you want a guy to ask you out?", "created_utc": 1424642699.0, "distinguished": null, "media": null, "mod_reports": [], "visited": false, "num_reports": null, "ups": 565}}, {"kind": "t3", "data": {"domain": "self.AskReddit", "banned_by": null, "media_embed": {}, "subreddit": "AskReddit", "selftext_html": null, "selftext": "", "likes": null, "user_reports": [], "secure_media": null, "link_flair_text": null, "id": "2wt9ry", "gilded": 0, "archived": false, "clicked": false, "report_reasons": null, "author": "Madous", "num_comments": 418, "score": 300, "approved_by": null, "over_18": false, "hidden": false, "thumbnail": "", "subreddit_id": "t5_2qh1i", "edited": false, "link_flair_css_class": null, "author_flair_css_class": null, "downs": 0, "secure_media_embed": {}, "saved": false, "stickied": false, "is_self": true, "permalink": "/r/AskReddit/comments/2wt9ry/you_get_to_drop_a_caveman_anywhere_on_modern_day/", "name": "t3_2wt9ry", "created": 1424677453.0, "url": "http://www.reddit.com/r/AskReddit/comments/2wt9ry/you_get_to_drop_a_caveman_anywhere_on_modern_day/", "author_flair_text": null, "title": "You get to drop a caveman anywhere on modern day Earth for a single minute. Where do you put him to freak him out the most?", "created_utc": 1424648653.0, "distinguished": null, "media": null, "mod_reports": [], "visited": false, "num_reports": null, "ups": 300}}, {"kind": "t3", "data": {"domain": "self.AskReddit", "banned_by": null, "media_embed": {}, "subreddit": "AskReddit", "selftext_html": "&lt;!-- SC_OFF --&gt;&lt;div class=\"md\"&gt;&lt;p&gt;What do you do to communicate to the humans in charge of your fate to convince them you are human or sentient in order to spare your life?&lt;/p&gt;\n\n&lt;p&gt;Edit: Reddit Gold? For me? Thank you so much!&lt;/p&gt;\n&lt;/div&gt;&lt;!-- SC_ON --&gt;", "selftext": "What do you do to communicate to the humans in charge of your fate to convince them you are human or sentient in order to spare your life?\n\nEdit: Reddit Gold? For me? Thank you so much!", "likes": null, "user_reports": [], "secure_media": null, "link_flair_text": null, "id": "2wtq51", "gilded": 1, "archived": false, "clicked": false, "report_reasons": null, "author": "EpicNinjaMonkeys", "num_comments": 260, "score": 162, "approved_by": null, "over_18": false, "hidden": false, "thumbnail": "", "subreddit_id": "t5_2qh1i", "edited": 1424666644.0, "link_flair_css_class": null, "author_flair_css_class": null, "downs": 0, "secure_media_embed": {}, "saved": false, "stickied": false, "is_self": true, "permalink": "/r/AskReddit/comments/2wtq51/you_have_been_transformed_into_a_cow_for_48_hours/", "name": "t3_2wtq51", "created": 1424685790.0, "url": "http://www.reddit.com/r/AskReddit/comments/2wtq51/you_have_been_transformed_into_a_cow_for_48_hours/", "author_flair_text": null, "title": "You have been transformed into a cow for 48 hours. You are with a group of cows slated to be slaughtered in 24 hours. What do you do?", "created_utc": 1424656990.0, "distinguished": null, "media": null, "mod_reports": [], "visited": false, "num_reports": null, "ups": 162}}, {"kind": "t3", "data": {"domain": "self.AskReddit", "banned_by": null, "media_embed": {}, "subreddit": "AskReddit", "selftext_html": null, "selftext": "", "likes": null, "user_reports": [], "secure_media": null, "link_flair_text": null, "id": "2wtcz7", "gilded": 0, "archived": false, "clicked": false, "report_reasons": null, "author": "ltsmiles", "num_comments": 314, "score": 222, "approved_by": null, "over_18": false, "hidden": false, "thumbnail": "", "subreddit_id": "t5_2qh1i", "edited": false, "link_flair_css_class": null, "author_flair_css_class": null, "downs": 0, "secure_media_embed": {}, "saved": false, "stickied": false, "is_self": true, "permalink": "/r/AskReddit/comments/2wtcz7/its_209_am_you_cant_sleep_so_you_turn_on_your_tv/", "name": "t3_2wtcz7", "created": 1424679070.0, "url": "http://www.reddit.com/r/AskReddit/comments/2wtcz7/its_209_am_you_cant_sleep_so_you_turn_on_your_tv/", "author_flair_text": null, "title": "Its 2:09 AM. You cant sleep so you turn on your TV. What's the scariest thing that could be shown?", "created_utc": 1424650270.0, "distinguished": null, "media": null, "mod_reports": [], "visited": false, "num_reports": null, "ups": 222}}, {"kind": "t3", "data": {"domain": "self.AskReddit", "banned_by": null, "media_embed": {}, "subreddit": "AskReddit", "selftext_html": "&lt;!-- SC_OFF --&gt;&lt;div class=\"md\"&gt;&lt;p&gt;Ridiculous rules, petty bitches, pedophilic chairmen; let&amp;#39;s hear it&lt;/p&gt;\n&lt;/div&gt;&lt;!-- SC_ON --&gt;", "selftext": "Ridiculous rules, petty bitches, pedophilic chairmen; let's hear it", "likes": null, "user_reports": [], "secure_media": null, "link_flair_text": null, "id": "2wrg9o", "gilded": 0, "archived": false, "clicked": false, "report_reasons": null, "author": "EmperorMango", "num_comments": 1289, "score": 1250, "approved_by": null, "over_18": false, "hidden": false, "thumbnail": "", "subreddit_id": "t5_2qh1i", "edited": false, "link_flair_css_class": null, "author_flair_css_class": null, "downs": 0, "secure_media_embed": {}, "saved": false, "stickied": false, "is_self": true, "permalink": "/r/AskReddit/comments/2wrg9o/what_is_your_worst_experience_with_a_home_owners/", "name": "t3_2wrg9o", "created": 1424644977.0, "url": "http://www.reddit.com/r/AskReddit/comments/2wrg9o/what_is_your_worst_experience_with_a_home_owners/", "author_flair_text": null, "title": "What Is Your Worst Experience With A Home Owners Association?", "created_utc": 1424616177.0, "distinguished": null, "media": null, "mod_reports": [], "visited": false, "num_reports": null, "ups": 1250}}, {"kind": "t3", "data": {"domain": "self.AskReddit", "banned_by": null, "media_embed": {}, "subreddit": "AskReddit", "selftext_html": null, "selftext": "", "likes": null, "user_reports": [], "secure_media": null, "link_flair_text": null, "id": "2wtbos", "gilded": 0, "archived": false, "clicked": false, "report_reasons": null, "author": "TaliaLackey", "num_comments": 503, "score": 215, "approved_by": null, "over_18": false, "hidden": false, "thumbnail": "", "subreddit_id": "t5_2qh1i", "edited": 1424651523.0, "link_flair_css_class": null, "author_flair_css_class": null, "downs": 0, "secure_media_embed": {}, "saved": false, "stickied": false, "is_self": true, "permalink": "/r/AskReddit/comments/2wtbos/whats_the_most_unromantic_petname_youve_been/", "name": "t3_2wtbos", "created": 1424678441.0, "url": "http://www.reddit.com/r/AskReddit/comments/2wtbos/whats_the_most_unromantic_petname_youve_been/", "author_flair_text": null, "title": "What's the most unromantic petname you've been called or have called your SO?", "created_utc": 1424649641.0, "distinguished": null, "media": null, "mod_reports": [], "visited": false, "num_reports": null, "ups": 215}}, {"kind": "t3", "data": {"domain": "self.AskReddit", "banned_by": null, "media_embed": {}, "subreddit": "AskReddit", "selftext_html": "&lt;!-- SC_OFF --&gt;&lt;div class=\"md\"&gt;&lt;p&gt;&lt;del&gt;&lt;em&gt;Edit&lt;/em&gt; Ok guys, I hate to be a thread Nazi, but no more comments pertaining to Hitler please. The joke was made a million times before this thread, and it was made another million times in this thread, time to give it a rest.&lt;/del&gt;\n* Edit 2 * Sieg heil.&lt;/p&gt;\n&lt;/div&gt;&lt;!-- SC_ON --&gt;", "selftext": "~~*Edit* Ok guys, I hate to be a thread Nazi, but no more comments pertaining to Hitler please. The joke was made a million times before this thread, and it was made another million times in this thread, time to give it a rest.~~\n* Edit 2 * Sieg heil.", "likes": null, "user_reports": [], "secure_media": null, "link_flair_text": null, "id": "2wrlbn", "gilded": 0, "archived": false, "clicked": false, "report_reasons": null, "author": "gojirafan123", "num_comments": 962, "score": 937, "approved_by": null, "over_18": false, "hidden": false, "thumbnail": "", "subreddit_id": "t5_2qh1i", "edited": 1424657886.0, "link_flair_css_class": null, "author_flair_css_class": null, "downs": 0, "secure_media_embed": {}, "saved": false, "stickied": false, "is_self": true, "permalink": "/r/AskReddit/comments/2wrlbn/reddit_what_would_be_the_biggest_plot_twist_in/", "name": "t3_2wrlbn", "created": 1424648290.0, "url": "http://www.reddit.com/r/AskReddit/comments/2wrlbn/reddit_what_would_be_the_biggest_plot_twist_in/", "author_flair_text": null, "title": "Reddit, what would be the biggest \"plot twist\" in the history of the world?", "created_utc": 1424619490.0, "distinguished": null, "media": null, "mod_reports": [], "visited": false, "num_reports": null, "ups": 937}}, {"kind": "t3", "data": {"domain": "self.AskReddit", "banned_by": null, "media_embed": {}, "subreddit": "AskReddit", "selftext_html": null, "selftext": "", "likes": null, "user_reports": [], "secure_media": null, "link_flair_text": null, "id": "2wt1f3", "gilded": 0, "archived": false, "clicked": false, "report_reasons": null, "author": "PM_YOU_MY_RECTUM", "num_comments": 219, "score": 245, "approved_by": null, "over_18": false, "hidden": false, "thumbnail": "", "subreddit_id": "t5_2qh1i", "edited": false, "link_flair_css_class": null, "author_flair_css_class": null, "downs": 0, "secure_media_embed": {}, "saved": false, "stickied": false, "is_self": true, "permalink": "/r/AskReddit/comments/2wt1f3/if_kickstarter_existed_throughout_history_what/", "name": "t3_2wt1f3", "created": 1424673465.0, "url": "http://www.reddit.com/r/AskReddit/comments/2wt1f3/if_kickstarter_existed_throughout_history_what/", "author_flair_text": null, "title": "If Kickstarter existed throughout history, what would be the most backed kickstarter?", "created_utc": 1424644665.0, "distinguished": null, "media": null, "mod_reports": [], "visited": false, "num_reports": null, "ups": 245}}, {"kind": "t3", "data": {"domain": "self.AskReddit", "banned_by": null, "media_embed": {}, "subreddit": "AskReddit", "selftext_html": null, "selftext": "", "likes": null, "user_reports": [], "secure_media": null, "link_flair_text": null, "id": "2wrwc3", "gilded": 0, "archived": false, "clicked": false, "report_reasons": null, "author": "ncwarrior", "num_comments": 919, "score": 618, "approved_by": null, "over_18": false, "hidden": false, "thumbnail": "", "subreddit_id": "t5_2qh1i", "edited": false, "link_flair_css_class": null, "author_flair_css_class": null, "downs": 0, "secure_media_embed": {}, "saved": false, "stickied": false, "is_self": true, "permalink": "/r/AskReddit/comments/2wrwc3/without_telling_me_what_it_was_why_did_you_do_it/", "name": "t3_2wrwc3", "created": 1424654316.0, "url": "http://www.reddit.com/r/AskReddit/comments/2wrwc3/without_telling_me_what_it_was_why_did_you_do_it/", "author_flair_text": null, "title": "Without telling me what it was, why did you do it?", "created_utc": 1424625516.0, "distinguished": null, "media": null, "mod_reports": [], "visited": false, "num_reports": null, "ups": 618}}, {"kind": "t3", "data": {"domain": "self.AskReddit", "banned_by": null, "media_embed": {}, "subreddit": "AskReddit", "selftext_html": "&lt;!-- SC_OFF --&gt;&lt;div class=\"md\"&gt;&lt;p&gt;Throwaway accounts might be apropos. Peer pressure doesn&amp;#39;t end after highschool&lt;/p&gt;\n\n&lt;p&gt;Edit. &amp;quot;Omm nom nomm&amp;quot; - my inbox&lt;/p&gt;\n\n&lt;p&gt;Edit2: Beatles, Walking dead, Video Games, Alcohol seem to be the top candidates.&lt;/p&gt;\n&lt;/div&gt;&lt;!-- SC_ON --&gt;", "selftext": "Throwaway accounts might be apropos. Peer pressure doesn't end after highschool\n\nEdit. \"Omm nom nomm\" - my inbox\n\nEdit2: Beatles, Walking dead, Video Games, Alcohol seem to be the top candidates.", "likes": null, "user_reports": [], "secure_media": null, "link_flair_text": null, "id": "2wskna", "gilded": 0, "archived": false, "clicked": false, "report_reasons": null, "author": "zeinshver", "num_comments": 1298, "score": 336, "approved_by": null, "over_18": false, "hidden": false, "thumbnail": "", "subreddit_id": "t5_2qh1i", "edited": 1424667288.0, "link_flair_css_class": null, "author_flair_css_class": null, "downs": 0, "secure_media_embed": {}, "saved": false, "stickied": false, "is_self": true, "permalink": "/r/AskReddit/comments/2wskna/what_is_something_so_insanely_popular_that_you/", "name": "t3_2wskna", "created": 1424665863.0, "url": "http://www.reddit.com/r/AskReddit/comments/2wskna/what_is_something_so_insanely_popular_that_you/", "author_flair_text": null, "title": "What is something so insanely popular that you are almost ashamed to admit that you either don't get it, or don't like it?", "created_utc": 1424637063.0, "distinguished": null, "media": null, "mod_reports": [], "visited": false, "num_reports": null, "ups": 336}}, {"kind": "t3", "data": {"domain": "self.AskReddit", "banned_by": null, "media_embed": {}, "subreddit": "AskReddit", "selftext_html": null, "selftext": "", "likes": null, "user_reports": [], "secure_media": null, "link_flair_text": null, "id": "2wr9va", "gilded": 0, "archived": false, "clicked": false, "report_reasons": null, "author": "Deasy_", "num_comments": 1563, "score": 852, "approved_by": null, "over_18": false, "hidden": false, "thumbnail": "", "subreddit_id": "t5_2qh1i", "edited": false, "link_flair_css_class": null, "author_flair_css_class": null, "downs": 0, "secure_media_embed": {}, "saved": false, "stickied": false, "is_self": true, "permalink": "/r/AskReddit/comments/2wr9va/if_you_became_leader_of_the_earth_a_new_position/", "name": "t3_2wr9va", "created": 1424639810.0, "url": "http://www.reddit.com/r/AskReddit/comments/2wr9va/if_you_became_leader_of_the_earth_a_new_position/", "author_flair_text": null, "title": "If you became Leader of the Earth (a new position of power), what is one law you would pass?", "created_utc": 1424611010.0, "distinguished": null, "media": null, "mod_reports": [], "visited": false, "num_reports": null, "ups": 852}}, {"kind": "t3", "data": {"domain": "self.AskReddit", "banned_by": null, "media_embed": {}, "subreddit": "AskReddit", "selftext_html": "&lt;!-- SC_OFF --&gt;&lt;div class=\"md\"&gt;&lt;p&gt;I&amp;#39;d also like to know what it means, and possibly how to pronounce it. I wanted to be as insulting as I can to as many people as possible.&lt;/p&gt;\n&lt;/div&gt;&lt;!-- SC_ON --&gt;", "selftext": "I'd also like to know what it means, and possibly how to pronounce it. I wanted to be as insulting as I can to as many people as possible.", "likes": null, "user_reports": [], "secure_media": null, "link_flair_text": null, "id": "2wrhhq", "gilded": 0, "archived": false, "clicked": false, "report_reasons": null, "author": "BuddhasLittleWarlock", "num_comments": 607, "score": 560, "approved_by": null, "over_18": true, "hidden": false, "thumbnail": "", "subreddit_id": "t5_2qh1i", "edited": false, "link_flair_css_class": null, "author_flair_css_class": null, "downs": 0, "secure_media_embed": {}, "saved": false, "stickied": false, "is_self": true, "permalink": "/r/AskReddit/comments/2wrhhq/nonenglish_speakers_of_reddit_what_do_you/", "name": "t3_2wrhhq", "created": 1424645842.0, "url": "http://www.reddit.com/r/AskReddit/comments/2wrhhq/nonenglish_speakers_of_reddit_what_do_you/", "author_flair_text": null, "title": "Non-English speakers of Reddit, what do you consider to be your language's best insult?", "created_utc": 1424617042.0, "distinguished": null, "media": null, "mod_reports": [], "visited": false, "num_reports": null, "ups": 560}}, {"kind": "t3", "data": {"domain": "self.AskReddit", "banned_by": null, "media_embed": {}, "subreddit": "AskReddit", "selftext_html": "&lt;!-- SC_OFF --&gt;&lt;div class=\"md\"&gt;&lt;p&gt;Edit: moved my answer to the comments.&lt;/p&gt;\n&lt;/div&gt;&lt;!-- SC_ON --&gt;", "selftext": "Edit: moved my answer to the comments.", "likes": null, "user_reports": [], "secure_media": null, "link_flair_text": null, "id": "2ws7xg", "gilded": 0, "archived": false, "clicked": false, "report_reasons": null, "author": "Slanted_Jack", "num_comments": 761, "score": 270, "approved_by": null, "over_18": false, "hidden": false, "thumbnail": "", "subreddit_id": "t5_2qh1i", "edited": 1424640647.0, "link_flair_css_class": null, "author_flair_css_class": null, "downs": 0, "secure_media_embed": {}, "saved": false, "stickied": false, "is_self": true, "permalink": "/r/AskReddit/comments/2ws7xg/what_is_a_bullshit_rule_of_society/", "name": "t3_2ws7xg", "created": 1424659992.0, "url": "http://www.reddit.com/r/AskReddit/comments/2ws7xg/what_is_a_bullshit_rule_of_society/", "author_flair_text": null, "title": "What is a bullshit rule of society?", "created_utc": 1424631192.0, "distinguished": null, "media": null, "mod_reports": [], "visited": false, "num_reports": null, "ups": 270}}, {"kind": "t3", "data": {"domain": "self.AskReddit", "banned_by": null, "media_embed": {}, "subreddit": "AskReddit", "selftext_html": null, "selftext": "", "likes": null, "user_reports": [], "secure_media": null, "link_flair_text": null, "id": "2wssrp", "gilded": 0, "archived": false, "clicked": false, "report_reasons": null, "author": "Doogie_Howitzer", "num_comments": 374, "score": 160, "approved_by": null, "over_18": false, "hidden": false, "thumbnail": "", "subreddit_id": "t5_2qh1i", "edited": false, "link_flair_css_class": null, "author_flair_css_class": null, "downs": 0, "secure_media_embed": {}, "saved": false, "stickied": false, "is_self": true, "permalink": "/r/AskReddit/comments/2wssrp/what_is_the_lamest_superpower_you_can_think_of/", "name": "t3_2wssrp", "created": 1424669593.0, "url": "http://www.reddit.com/r/AskReddit/comments/2wssrp/what_is_the_lamest_superpower_you_can_think_of/", "author_flair_text": null, "title": "What is the lamest superpower you can think of?", "created_utc": 1424640793.0, "distinguished": null, "media": null, "mod_reports": [], "visited": false, "num_reports": null, "ups": 160}}, {"kind": "t3", "data": {"domain": "self.AskReddit", "banned_by": null, "media_embed": {}, "subreddit": "AskReddit", "selftext_html": "&lt;!-- SC_OFF --&gt;&lt;div class=\"md\"&gt;&lt;p&gt;What type of person is the absolute worst and why?&lt;/p&gt;\n&lt;/div&gt;&lt;!-- SC_ON --&gt;", "selftext": "What type of person is the absolute worst and why?", "likes": null, "user_reports": [], "secure_media": null, "link_flair_text": null, "id": "2wtiv4", "gilded": 0, "archived": false, "clicked": false, "report_reasons": null, "author": "r0nswan", "num_comments": 327, "score": 82, "approved_by": null, "over_18": false, "hidden": false, "thumbnail": "", "subreddit_id": "t5_2qh1i", "edited": false, "link_flair_css_class": null, "author_flair_css_class": null, "downs": 0, "secure_media_embed": {}, "saved": false, "stickied": false, "is_self": true, "permalink": "/r/AskReddit/comments/2wtiv4/reddit_what_is_the_absolute_worst_type_of_person/", "name": "t3_2wtiv4", "created": 1424682028.0, "url": "http://www.reddit.com/r/AskReddit/comments/2wtiv4/reddit_what_is_the_absolute_worst_type_of_person/", "author_flair_text": null, "title": "Reddit, What is the absolute WORST type of person?", "created_utc": 1424653228.0, "distinguished": null, "media": null, "mod_reports": [], "visited": false, "num_reports": null, "ups": 82}}, {"kind": "t3", "data": {"domain": "self.AskReddit", "banned_by": null, "media_embed": {}, "subreddit": "AskReddit", "selftext_html": null, "selftext": "", "likes": null, "user_reports": [], "secure_media": null, "link_flair_text": null, "id": "2wticj", "gilded": 0, "archived": false, "clicked": false, "report_reasons": null, "author": "TheWindCriesVee", "num_comments": 195, "score": 68, "approved_by": null, "over_18": false, "hidden": false, "thumbnail": "", "subreddit_id": "t5_2qh1i", "edited": false, "link_flair_css_class": null, "author_flair_css_class": null, "downs": 0, "secure_media_embed": {}, "saved": false, "stickied": false, "is_self": true, "permalink": "/r/AskReddit/comments/2wticj/a_new_planet_in_our_solar_system_has_been/", "name": "t3_2wticj", "created": 1424681761.0, "url": "http://www.reddit.com/r/AskReddit/comments/2wticj/a_new_planet_in_our_solar_system_has_been/", "author_flair_text": null, "title": "A new planet in our solar system has been discovered, and they've asked you to name it! What do you call it?", "created_utc": 1424652961.0, "distinguished": null, "media": null, "mod_reports": [], "visited": false, "num_reports": null, "ups": 68}}, {"kind": "t3", "data": {"domain": "self.AskReddit", "banned_by": null, "media_embed": {}, "subreddit": "AskReddit", "selftext_html": "&lt;!-- SC_OFF --&gt;&lt;div class=\"md\"&gt;&lt;/div&gt;&lt;!-- SC_ON --&gt;", "selftext": " ", "likes": null, "user_reports": [], "secure_media": null, "link_flair_text": null, "id": "2wpxxi", "gilded": 0, "archived": false, "clicked": false, "report_reasons": null, "author": "stefanke", "num_comments": 7795, "score": 3841, "approved_by": null, "over_18": false, "hidden": false, "thumbnail": "", "subreddit_id": "t5_2qh1i", "edited": false, "link_flair_css_class": null, "author_flair_css_class": null, "downs": 0, "secure_media_embed": {}, "saved": false, "stickied": false, "is_self": true, "permalink": "/r/AskReddit/comments/2wpxxi/if_it_was_discovered_that_one_animal_species_had/", "name": "t3_2wpxxi", "created": 1424600171.0, "url": "http://www.reddit.com/r/AskReddit/comments/2wpxxi/if_it_was_discovered_that_one_animal_species_had/", "author_flair_text": null, "title": "If it was discovered that one animal species had actually been aliens that have been spying on Earth this entire time, what species would you expect it to be?", "created_utc": 1424571371.0, "distinguished": null, "media": null, "mod_reports": [], "visited": false, "num_reports": null, "ups": 3841}}, {"kind": "t3", "data": {"domain": "self.AskReddit", "banned_by": null, "media_embed": {}, "subreddit": "AskReddit", "selftext_html": null, "selftext": "", "likes": null, "user_reports": [], "secure_media": null, "link_flair_text": null, "id": "2wtazx", "gilded": 0, "archived": false, "clicked": false, "report_reasons": null, "author": "Frashizzle", "num_comments": 106, "score": 70, "approved_by": null, "over_18": false, "hidden": false, "thumbnail": "", "subreddit_id": "t5_2qh1i", "edited": false, "link_flair_css_class": null, "author_flair_css_class": null, "downs": 0, "secure_media_embed": {}, "saved": false, "stickied": false, "is_self": true, "permalink": "/r/AskReddit/comments/2wtazx/which_major_company_will_be_the_next/", "name": "t3_2wtazx", "created": 1424678082.0, "url": "http://www.reddit.com/r/AskReddit/comments/2wtazx/which_major_company_will_be_the_next/", "author_flair_text": null, "title": "Which major company will be the next RadioShack/Blockbuster?", "created_utc": 1424649282.0, "distinguished": null, "media": null, "mod_reports": [], "visited": false, "num_reports": null, "ups": 70}}], "after": "t3_2wtazx", "before": "t3_2wtds6"}}